-- phpMyAdmin SQL Dump
-- version 5.2.1
-- https://www.phpmyadmin.net/
--
-- Host: 127.0.0.1
-- Tempo de geração: 25-Out-2024 às 02:11
-- Versão do servidor: 10.4.32-MariaDB
-- versão do PHP: 8.2.12

SET SQL_MODE = "NO_AUTO_VALUE_ON_ZERO";
START TRANSACTION;
SET time_zone = "+00:00";


/*!40101 SET @OLD_CHARACTER_SET_CLIENT=@@CHARACTER_SET_CLIENT */;
/*!40101 SET @OLD_CHARACTER_SET_RESULTS=@@CHARACTER_SET_RESULTS */;
/*!40101 SET @OLD_COLLATION_CONNECTION=@@COLLATION_CONNECTION */;
/*!40101 SET NAMES utf8mb4 */;

--
-- Banco de dados: `bd_alunos_06`
--

-- --------------------------------------------------------

--
-- Estrutura da tabela `import`
--

CREATE TABLE `import` (
  `ano` varchar(255) NOT NULL,
  `turma` varchar(255) NOT NULL,
  `aluno_nome` varchar(255) NOT NULL,
  `user_aluno` varchar(255) NOT NULL,
  `email_aluno` varchar(255) NOT NULL,
  `pw_aluno` varchar(255) NOT NULL
) ENGINE=InnoDB DEFAULT CHARSET=utf8 COLLATE=utf8_general_ci;

--
-- Extraindo dados da tabela `import`
--

INSERT INTO `import` (`ano`, `turma`, `aluno_nome`, `user_aluno`, `email_aluno`, `pw_aluno`) VALUES
('7', 'G', 'Eduarda Maeva Alves Fortes', 'a280848528', 'a280848528@aeaquaalba.pt', '80676355'),
('7', 'G', 'Tiago Ventura Vila Lobos', 'a280330251', 'a280330251@aeaquaalba.pt', '54205154'),
('7', 'G', 'Enzo Gabriel Corte Real dos Santos', 'a292692382', 'a292692382@aeaquaalba.pt', '14095753'),
('7', 'G', 'LARISSA OTAVIANO NOGUEIRA LELA VEIGA', 'a278567690', 'a278567690@aeaquaalba.pt', '40280778'),
('7', 'G', 'Leonor Duarte de Almeida Monteiro Pardal', 'a277660718', 'a277660718@aeaquaalba.pt', '54402711'),
('7', 'G', 'Letícia Sofia Costa Sanches Semedo', 'a278331920', 'a278331920@aeaquaalba.pt', '37182148'),
('7', 'G', 'GUILHERME GOMES MACÁRIO COSTA CLARA', 'a260201332', 'a260201332@aeaquaalba.pt', '49295078'),
('7', 'G', 'Lucas Daniel Vaz Naia Baiôa', 'a279560877', 'a279560877@aeaquaalba.pt', '51514748'),
('7', 'G', 'Erica Sofia Barroso Viegas', 'a278215327', 'a278215327@aeaquaalba.pt', '84075095'),
('7', 'G', 'Beatriz Correia Gomes Silva', 'a279603193', 'a279603193@aeaquaalba.pt', '54488714'),
('7', 'G', 'Irina Arcanjo Almeida Martins', 'a282669582', 'a282669582@aeaquaalba.pt', '96799439'),
('7', 'G', 'Khadija Lais Tavares Gaye', 'a279786441', 'a279786441@aeaquaalba.pt', '56121154'),
('7', 'G', 'Armando Carolino da Silva Barbosa Andrade', 'a273899317', 'a273899317@aeaquaalba.pt', '18937406'),
('7', 'G', 'Indira Novais de Sousa', 'a286494515', 'a286494515@aeaquaalba.pt', '71648255'),
('7', 'G', 'Kiesse Facatino Luís', 'a274354136', 'a274354136@aeaquaalba.pt', '62387925'),
('7', 'G', 'Luciana Cumbue Pelo Tchenhe', 'a302503935', 'a302503935@aeaquaalba.pt', '24863562'),
('7', 'G', 'FABIO DE JESUS DA VEIGA MOREIRA', 'a300283105', 'a300283105@aeaquaalba.pt', '62862406'),
('7', 'G', 'Yanick Có', 'a312344210', 'a312344210@aeaquaalba.pt', '78182675'),
('7', 'G', 'anny louise ferreira de castro', 'a314720103', 'a314720103@aeaquaalba.pt', '806362804594'),
('7', 'G', 'Milito Jimys Mendes Camepilim', 'a319961524', 'a319961524@aeaquaalba.pt', '450763490225'),
('7', 'G', 'Provat Bin Abdul', 'a315865105', 'a315865105@aeaquaalba.pt', '382893124517'),
('7', 'G', 'Akanksha Jaswal', 'a316175900', 'a316175900@aeaquaalba.pt', '391416167071'),
('7', 'G', 'Amilcar Aladje Mendes', 'a321369025', 'a321369025@aeaquaalba.pt', '806577151202'),
('7', 'G', 'Michael Patrick Monteiro dos Reis', 'a323922830', 'a323922830@aeaquaalba.pt', '332622555910'),
('7', 'H', 'Elvis Alexandre Cardoso Timas', 'a280191472', 'a280191472@aeaquaalba.pt', '95113586'),
('7', 'H', 'LUANA MARIA TAVARES SEMEDO', 'a278709834', 'a278709834@aeaquaalba.pt', '21847510'),
('7', 'H', 'RICARDO VALDIR SANTOS FORTES', 'a276864042', 'a276864042@aeaquaalba.pt', '51074903'),
('7', 'H', 'pabel islam', 'a298212366', 'a298212366@aeaquaalba.pt', '28114274'),
('7', 'H', 'Tomás Manuel Sarmento Bernardo', 'a274635860', 'a274635860@aeaquaalba.pt', '35733515'),
('7', 'H', 'Carina Simara Varela Ganó', 'a278657443', 'a278657443@aeaquaalba.pt', '30603003'),
('7', 'H', 'Sandro Alexandre Sekulu David', 'a276430050', 'a276430050@aeaquaalba.pt', '55533138'),
('7', 'H', 'Rafael Avelino Cortêz', 'a281445079', 'a281445079@aeaquaalba.pt', '11509288'),
('7', 'H', 'Júlio Filipe Tigeleiro Paúl', 'a277888816', 'a277888816@aeaquaalba.pt', '63629632'),
('7', 'H', 'Braima Bary', 'a290407486', 'a290407486@aeaquaalba.pt', '15643266'),
('7', 'H', 'BARBARA MAURICIO MARQUES', 'a280013337', 'a280013337@aeaquaalba.pt', '96435198'),
('7', 'H', 'Rodrigo Júnior Andrade Mendes', 'a279871740', 'a279871740@aeaquaalba.pt', '37874274'),
('7', 'H', 'Tiago Chicoma Monteiro', 'a280572441', 'a280572441@aeaquaalba.pt', '80289562'),
('7', 'H', 'Abid Alom', 'a298209713', 'a298209713@aeaquaalba.pt', '81347611'),
('7', 'H', 'Mohamadu Só', 'a286701456', 'a286701456@aeaquaalba.pt', '25773803'),
('7', 'H', 'David Luis Pereira Elias', 'a274823926', 'a274823926@aeaquaalba.pt', '24152252'),
('7', 'H', 'Júlia Marinho Reis Pires', 'a280765061', 'a280765061@aeaquaalba.pt', '92362217'),
('7', 'H', 'Kelly Sofia Delgado Fernandes', 'a282622357', 'a282622357@aeaquaalba.pt', '63902756'),
('7', 'H', 'Rodrigo Miguel Lagartinho de Abreu Almeida', 'a280540981', 'a280540981@aeaquaalba.pt', '53141226'),
('7', 'H', 'Daniel Padilha Rocha', 'a278320627', 'a278320627@aeaquaalba.pt', '82917731'),
('7', 'H', 'Kauan Felipe dos Santos', 'a284125652', 'a284125652@aeaquaalba.pt', '55453235'),
('7', 'H', 'Mamadou Alpha Diallo', 'a290533090', 'a290533090@aeaquaalba.pt', '98800037'),
('7', 'H', 'Guilherme Simões Antunes', 'a278664865', 'a278664865@aeaquaalba.pt', '47450618'),
('7', 'H', 'Isac Gabriel Ventura Oliveira', 'a280992599', 'a280992599@aeaquaalba.pt', '75790516'),
('7', 'H', 'TIAGO MIGUEL SILVA BARRADAS DA CRUZ', 'a278056113', 'a278056113@aeaquaalba.pt', '47429120'),
('7', 'H', 'Rafael Lopes Plácido', 'a312454082', 'a312454082@aeaquaalba.pt', '69594887'),
('7', 'J', 'ERIANE MENDES TAVARES FERNANDES', 'a295481811', 'a295481811@aeaquaalba.pt', '16701173'),
('7', 'J', 'Ruben Jailson Vaz Gomes', 'a277783950', 'a277783950@aeaquaalba.pt', '11394446'),
('7', 'J', 'Letícia Patrícia Mora da Costa', 'a270562397', 'a270562397@aeaquaalba.pt', '99225841'),
('7', 'J', 'João Miguel Soares Antão', 'a278497497', 'a278497497@aeaquaalba.pt', '16672584'),
('7', 'J', 'Ema Ventura Correia', 'a278394655', 'a278394655@aeaquaalba.pt', '78264700'),
('7', 'J', 'Isabel Rosita Sampaio', 'a283088591', 'a283088591@aeaquaalba.pt', '55290694'),
('7', 'J', 'Geovani Cabral Fernandes', 'a274445395', 'a274445395@aeaquaalba.pt', '16340735'),
('7', 'J', 'Armaan Sohpaul', 'a299526577', 'a299526577@aeaquaalba.pt', '88329420'),
('7', 'J', 'Aniximandra de Fátima Nunes Alvarenga Silva', 'a276612744', 'a276612744@aeaquaalba.pt', '61021663'),
('7', 'J', 'ARIELLE BENGUELA DE CARVALHO', 'a279919530', 'a279919530@aeaquaalba.pt', '42369974'),
('7', 'J', 'Érica da Silva Moreira', 'a279577915', 'a279577915@aeaquaalba.pt', '57514818'),
('7', 'J', 'Djeirom Barbosa Lopes', 'a305516183', 'a305516183@aeaquaalba.pt', '73873563'),
('7', 'J', 'Miguel Dinis silva', 'a280151128', 'a280151128@aeaquaalba.pt', '65331197'),
('7', 'J', 'Ussumane Seidi', 'a286144131', 'a286144131@aeaquaalba.pt', '56891863'),
('7', 'J', 'Maureen Gonçalves Lopes Sousa', 'a309630657', 'a309630657@aeaquaalba.pt', '48213718'),
('7', 'J', 'Leia António Gomes', 'a306413647', 'a306413647@aeaquaalba.pt', '73308874'),
('7', 'J', 'Bismarck António Mauricio Arcanjo', 'a314495967', 'a314495967@aeaquaalba.pt', '80658650'),
('7', 'J', 'Bruno Tavares', 'a288288050', 'a288288050@aeaquaalba.pt', '628878837561'),
('7', 'J', 'Edvaldo Carvalho', 'a320223698', 'a320223698@aeaquaalba.pt', '429498680275'),
('7', 'J', 'Eugénio Cá', 'a315473118', 'a315473118@aeaquaalba.pt', '851170472378'),
('7', 'J', 'André de Andrade Silva', 'a324095635', 'a324095635@aeaquaalba.pt', '682875229286'),
('7', 'J', 'Viviane Mendes', 'a305228196', 'a305228196@aeaquaalba.pt', '952875982697'),
('7', 'J', 'Liodelcio do Carmo Filho Wanuque', 'a318366851', 'a318366851@aeaquaalba.pt', '154401934148'),
('7', 'J', 'Ismael de Jesus Fernandes Dias', 'a320433765', 'a320433765@aeaquaalba.pt', '539903054026'),
('8', 'J', 'Luciana Evelize de Baros Melicio Teixeira', 'a274170965', 'a274170965@aeaquaalba.pt', '66250030'),
('8', 'J', 'Carolina Cândido Biscaia Correia da Silva', 'a273309188', 'a273309188@aeaquaalba.pt', '92607120'),
('8', 'J', 'Diva Aline Sanches Tavares', 'a268277087', 'a268277087@aeaquaalba.pt', '94588794'),
('8', 'J', 'DANIELA SOFIA MENDES DA CRUZ', 'a275236307', 'a275236307@aeaquaalba.pt', '66300850'),
('8', 'J', 'Maura Idilia Centeio Tavares', 'a280452209', 'a280452209@aeaquaalba.pt', '56320827'),
('8', 'J', 'Lenilson Vieira Rocha', 'a275476570', 'a275476570@aeaquaalba.pt', '64756893'),
('8', 'J', 'Sana Colubali Baldé', 'a294654895', 'a294654895@aeaquaalba.pt', '70572951'),
('8', 'J', 'Filipe Alberto Feijo de Souza', 'a274462800', 'a274462800@aeaquaalba.pt', '36931788'),
('8', 'J', 'Sene Colubali Baldé', 'a295657286', 'a295657286@aeaquaalba.pt', '77487856'),
('8', 'J', 'Gabriel Mariano Souza', 'a304142751', 'a304142751@aeaquaalba.pt', '27534087'),
('8', 'J', 'FÁTIMA BOBO SEIDI', 'a291510302', 'a291510302@aeaquaalba.pt', '52639211'),
('8', 'J', 'Lionyr Gomes Pereira', 'a275596052', 'a275596052@aeaquaalba.pt', '56000915'),
('8', 'J', 'João victor fontes cardoso de oliveira', 'a272675962', 'a272675962@aeaquaalba.pt', '27612078'),
('8', 'J', 'Leonor Nascimento da Cruz', 'a273580663', 'a273580663@aeaquaalba.pt', '14200514'),
('8', 'J', 'Diogo Miguel tavares Marques', 'a277279054', 'a277279054@aeaquaalba.pt', '59027566'),
('8', 'J', 'GABRIELA MARIA MUSSENGUE DA SILVA', 'a290023688', 'a290023688@aeaquaalba.pt', '54567362'),
('8', 'J', 'Emanuel Peterson Carlos Zunga', 'a301300186', 'a301300186@aeaquaalba.pt', '15544181'),
('8', 'J', 'SARA SOFIA SEMEDO CABRAL', 'a275278387', 'a275278387@aeaquaalba.pt', '37043072'),
('8', 'J', 'INÊS FERNANDES VARGAS', 'a275619788', 'a275619788@aeaquaalba.pt', '24947793'),
('8', 'J', 'Rafael Ferro Faria', 'a295834749', 'a295834749@aeaquaalba.pt', '53331495'),
('8', 'J', 'Vasilka Yordanova', 'a278303854', 'a278303854@aeaquaalba.pt', '36211994'),
('8', 'J', 'Carolina Ferreira Whanon Chantre', 'a272375829', 'a272375829@aeaquaalba.pt', '75632148'),
('8', 'J', 'Edvania do Espirito Santo Carvalho', 'a320224546', 'a320224546@aeaquaalba.pt', '380926328081'),
('8', 'J', 'Nathan Hazael Vaz Contreiras Ferreira', 'a298548348', 'a298548348@aeaquaalba.pt', '791279953390'),
('8', 'J', 'Ipshita Abanish', 'a321390369', 'a321390369@aeaquaalba.pt', '450248905414'),
('8', 'J', 'Prabhleen Kaur', 'a314834770', 'a314834770@aeaquaalba.pt', '908525270225'),
('8', 'J', 'raissa santos rosário', 'a278057659', 'a278057659@aeaquaalba.pt', '281963438112'),
('8', 'K', 'Kleidylson Ferreira Silva Moreno', 'a272254711', 'a272254711@aeaquaalba.pt', '57171370'),
('8', 'K', 'FERNANDO GABRIEL GUIMARAES MACHADO', 'a292578156', 'a292578156@aeaquaalba.pt', '89255607'),
('8', 'K', 'Jenifer Neide Sequeira Rosario', 'a272254142', 'a272254142@aeaquaalba.pt', '29218373'),
('8', 'K', 'Christian Tomas Silva Lopes Pinheiro', 'a272362352', 'a272362352@aeaquaalba.pt', '40252063'),
('8', 'K', 'Djaylen Wilson Moreno Varela', 'a273842560', 'a273842560@aeaquaalba.pt', '86458990'),
('8', 'K', 'Elainy Alais Delgado Rodrigues', 'a302290761', 'a302290761@aeaquaalba.pt', '50107281'),
('8', 'K', 'Gabriel Agostinho Viegas', 'a273457446', 'a273457446@aeaquaalba.pt', '92994724'),
('8', 'K', 'GELSON GONÇALO OLIVEIRA DA SILVA', 'a303959460', 'a303959460@aeaquaalba.pt', '46229261'),
('8', 'K', 'Daniela Laidine Fernandes Moreno', 'a300042191', 'a300042191@aeaquaalba.pt', '24951141'),
('8', 'K', 'Tenem Embaló', 'a284013234', 'a284013234@aeaquaalba.pt', '75575042'),
('8', 'K', 'Marcelo Bernardo Ferreira Carlos', 'a280638370', 'a280638370@aeaquaalba.pt', '91978637'),
('8', 'K', 'YASMIN SOFIA RODRIGUES DO PRADO', 'a273020544', 'a273020544@aeaquaalba.pt', '33060012'),
('8', 'K', 'Cadijato Só', 'a301062951', 'a301062951@aeaquaalba.pt', '77904462'),
('8', 'K', 'ARIANA SOFIA BASTOS SANTOS', 'a275533743', 'a275533743@aeaquaalba.pt', '75238309'),
('8', 'K', 'Benonea da Silva Barbosa Andrede', 'a297959654', 'a297959654@aeaquaalba.pt', '84506539'),
('8', 'K', 'Tomás Riquelme Braia Dabó', 'a274266156', 'a274266156@aeaquaalba.pt', '91116810'),
('8', 'K', 'Débora Pereira Tavares', 'a275815170', 'a275815170@aeaquaalba.pt', '20566343'),
('8', 'K', 'Constança Santos Alves Lima', 'a275186202', 'a275186202@aeaquaalba.pt', '805669454758'),
('8', 'K', 'Sumaila Aladje Correia', 'a326533214', 'a326533214@aeaquaalba.pt', '568732522836'),
('8', 'K', 'Tiago Rodrigo Lopes de Brito', 'a269864296', 'a269864296@aeaquaalba.pt', '988870404180'),
('8', 'K', 'Valquiria Abiltonia Quizembe Pascoal', 'a323773389', 'a323773389@aeaquaalba.pt', '659104427174'),
('9', 'G', 'Karolina Soldatova', 'a290117461', 'a290117461@aeaquaalba.pt', '84144830'),
('9', 'G', 'Kelly Sofia Varela Tavares Almeida', 'a271449365', 'a271449365@aeaquaalba.pt', '43573467'),
('9', 'G', 'Bianca Alexandra Vargas Paiva', 'a275119246', 'a275119246@aeaquaalba.pt', '82421097'),
('9', 'G', 'Gabriel Almeida Cordeiro Raposo Marques', 'a273689754', 'a273689754@aeaquaalba.pt', '14477518'),
('9', 'G', 'Ivanildo Etiéne Correia', 'a270345922', 'a270345922@aeaquaalba.pt', '89799321'),
('9', 'G', 'Andreia Catarina Nunes da Rocha Antunes', 'a267944012', 'a267944012@aeaquaalba.pt', '91329267'),
('9', 'G', 'ANA MENDES DOMINGOS', 'a300535961', 'a300535961@aeaquaalba.pt', '65898366'),
('9', 'G', 'filipe de melo lyekar', 'a274325438', 'a274325438@aeaquaalba.pt', '85641474'),
('9', 'G', 'ISMAEL SEMEDO MARTINS', 'a278462707', 'a278462707@aeaquaalba.pt', '25794234'),
('9', 'G', 'Marta Daiane Lomba Monteiro', 'a273308394', 'a273308394@aeaquaalba.pt', '36587262'),
('9', 'G', 'LEANDRO ALEXANDRE PINA TEIXEIRA TAVARES ', 'a274641330', 'a274641330@aeaquaalba.pt', '14463780'),
('9', 'G', 'Marcia Patricia De Pina Gomes', 'a293518394', 'a293518394@aeaquaalba.pt', '59244638'),
('9', 'G', 'Vanessa Bianca Ficut', 'a263877051', 'a263877051@aeaquaalba.pt', '42999011'),
('9', 'G', 'Djonsaba Koté', 'a285980807', 'a285980807@aeaquaalba.pt', '54933802'),
('9', 'G', 'Richard Jefferson Nunes Cândido', 'a299549526', 'a299549526@aeaquaalba.pt', '87247652'),
('9', 'G', 'William dos Reis Silva Jardim', 'a300644558', 'a300644558@aeaquaalba.pt', '72177475'),
('9', 'G', 'Sara Rafaela Casimiro Luís', 'a272180700', 'a272180700@aeaquaalba.pt', '15207207'),
('9', 'G', 'Onilson Alves Monteiro', 'a288342399', 'a288342399@aeaquaalba.pt', '48111198'),
('9', 'G', 'Luana Isabel Vieira caldas', 'a273529714', 'a273529714@aeaquaalba.pt', '42625436'),
('9', 'G', 'Leonardo Horta Monteiro Furtado', 'a301754748', 'a301754748@aeaquaalba.pt', '77932127'),
('9', 'G', 'Rodica Florentina Ciorei Chascear', 'a273482602', 'a273482602@aeaquaalba.pt', '88934196'),
('9', 'G', 'Ivo da Silva Oliveira Assunção', 'a268543216', 'a268543216@aeaquaalba.pt', '80959364'),
('9', 'G', 'Guilherme Oliveira', 'a301125635', 'a301125635@aeaquaalba.pt', '57700335'),
('9', 'G', 'Tais Sofia Sambu Baldé', 'a269642129', 'a269642129@aeaquaalba.pt', '39312220'),
('9', 'G', 'Mariana Almada Tavares', 'a272155217', 'a272155217@aeaquaalba.pt', '346505251130'),
('9', 'G', 'Mariana Almada Tavares', 'a272155217', 'a272155217@aeaquaalba.pt', '412567055999'),
('9', 'G', 'Mirian Maquiesse Santos e Santos', 'a293694346', 'a293694346@aeaquaalba.pt', '289055786801'),
('9', 'G', 'Nilda Raquel Pina Boa Morte', 'a314627707', 'a314627707@aeaquaalba.pt', '694655483402'),
('9', 'G', 'Albertina Aminata Candé Sambú', 'a320389588', 'a320389588@aeaquaalba.pt', '259278941771'),
('9', 'G', 'Ruben Gabriel Mendes Borges', 'a285876511', 'a285876511@aeaquaalba.pt', '869152651300'),
('9', 'G', 'LUCINARA NAIOLE SANTOS DOS SANTOS', 'a304142514', 'a304142514@aeaquaalba.pt', '447963359436'),
('9', 'G', 'NILTON ISAAC MONTEIRO SOUSA', 'a322017637', 'a322017637@aeaquaalba.pt', '964302167747'),
('9', 'G', 'Adm Amr Hassib Hassan Khater', 'a313078297', 'a313078297@aeaquaalba.pt', '354400328299'),
('9', 'G', 'Ruben Harley Gomes Reis', 'a310896649', 'a310896649@aeaquaalba.pt', '889131168679'),
('9', 'H', 'Matilde Martins Ferreira', 'a270608060', 'a270608060@aeaquaalba.pt', '40810481'),
('9', 'H', 'Carlos Francisco Cubala Ferreira da Silva', 'a269019812', 'a269019812@aeaquaalba.pt', '51640621'),
('9', 'H', 'Francyelle Luisa Bandeira Dias', 'a297060635', 'a297060635@aeaquaalba.pt', '23322111'),
('9', 'H', 'Afonso Manuel Duarte Lima', 'a275471160', 'a275471160@aeaquaalba.pt', '52593915'),
('9', 'H', 'Ariana Marques Tavares Belo', 'a280548184', 'a280548184@aeaquaalba.pt', '98304112'),
('9', 'H', 'Diogo Emanuel do Nascimento Nhaga Soares', 'a272713473', 'a272713473@aeaquaalba.pt', '67712795'),
('9', 'H', 'Catarina Raquel Cruz', 'a272251372', 'a272251372@aeaquaalba.pt', '34787109'),
('9', 'H', 'Martim Filipe Correia Tavares Cardoso Tavares', 'a275454746', 'a275454746@aeaquaalba.pt', '60356789'),
('9', 'H', 'Matilde Baptista Domingues Ramos', 'a273610090', 'a273610090@aeaquaalba.pt', '14891675'),
('9', 'H', 'Bruna Patricia Nascimento Santos', 'a271626054', 'a271626054@aeaquaalba.pt', '58452106'),
('9', 'H', 'Álvaro António Gouveia de Almeida', 'a270526161', 'a270526161@aeaquaalba.pt', '80390245'),
('9', 'H', 'Joana da Silva Raimundo', 'a273309943', 'a273309943@aeaquaalba.pt', '59589313'),
('9', 'H', 'Rodrigo Afonso da Fonseca', 'a265634989', 'a265634989@aeaquaalba.pt', '35850415'),
('9', 'H', 'MICAELA SEMEDO MARTINS', 'a273047655', 'a273047655@aeaquaalba.pt', '81630711'),
('9', 'H', 'DANIEL RODRIGUES COIMBRA', 'a270848673', 'a270848673@aeaquaalba.pt', '12963645'),
('9', 'H', 'Isabel Charraz Mourão', 'a270901299', 'a270901299@aeaquaalba.pt', '91383164'),
('9', 'H', 'Rodrigo Pereira Rodrigues', 'a273719831', 'a273719831@aeaquaalba.pt', '45266717'),
('9', 'H', 'Luis Rodrigues Carvalho', 'a274396289', 'a274396289@aeaquaalba.pt', '96214519'),
('9', 'H', 'Alcione Dussu Embaló', 'a297784749', 'a297784749@aeaquaalba.pt', '14638565'),
('9', 'H', 'Carolina Duarte Moraes', 'a272612383', 'a272612383@aeaquaalba.pt', '46784053'),
('9', 'H', 'Edgar de jesus Rocha Mendonça Borges', 'a269586040', 'a269586040@aeaquaalba.pt', '73326064'),
('9', 'H', 'ISABEL MATIAS VEIGA', 'a296893382', 'a296893382@aeaquaalba.pt', '64520870'),
('9', 'H', 'Geovanny Anderson Matoso Pereira', 'a268783020', 'a268783020@aeaquaalba.pt', '12318331'),
('9', 'H', 'EDSON JÚNIOR ROBALO GONÇALVES', 'a263982351', 'a263982351@aeaquaalba.pt', '38136365'),
('9', 'H', 'Mariana Moura Afonso', 'a274363704', 'a274363704@aeaquaalba.pt', '69686720'),
('9', 'H', 'Nicole Yasmin Dias dos SAntos', 'a273231502', 'a273231502@aeaquaalba.pt', '29944961'),
('9', 'H', 'Gabriel Chifa', 'a294927930', 'a294927930@aeaquaalba.pt', '22499889'),
('9', 'H', 'Diany dos Ramos Tiny Quaresma', 'a314112464', 'a314112464@aeaquaalba.pt', '78133871'),
('9', 'H', 'Lolita Moreno Vaz Alves de Carvalho', 'a314105808', 'a314105808@aeaquaalba.pt', '113056122308'),
('9', 'H', 'Delcy Monteiro', 'a320972151', 'a320972151@aeaquaalba.pt', '938572660508'),
('9', 'H', 'Lutuima Francisco Diogo Gaspar', 'a321474805', 'a321474805@aeaquaalba.pt', '428943553873'),
('9', 'H', 'Aissatu Injai Dafé', 'a321861892', 'a321861892@aeaquaalba.pt', '900557763949'),
('9', 'H', 'Fabricio Ramos Varela', 'a323641229', 'a323641229@aeaquaalba.pt', '457987186207'),
('9', 'I', 'Osvaldo Custódio Azevedo', 'a268155038', 'a268155038@aeaquaalba.pt', '96170567'),
('9', 'I', 'FILIPE DA CUNHA CATAO', 'a267742177', 'a267742177@aeaquaalba.pt', '31142599'),
('9', 'I', 'Yara Melissa Pereira Duarte', 'a271702214', 'a271702214@aeaquaalba.pt', '77893725'),
('9', 'I', 'Elícia Inês Sanches Fernandes', 'a273943901', 'a273943901@aeaquaalba.pt', '71191074'),
('9', 'I', 'Nadine do Rosário Soares de Pina', 'a264448405', 'a264448405@aeaquaalba.pt', '52114919'),
('9', 'I', 'Matias Júnior Lopes Correia Semedo', 'a275380840', 'a275380840@aeaquaalba.pt', '23325276'),
('9', 'I', 'Yona Andreia Corte Real dos Santos', 'a292692536', 'a292692536@aeaquaalba.pt', '92880066'),
('9', 'I', 'Ryan Souza Tavares Belo', 'a277796695', 'a277796695@aeaquaalba.pt', '38076881'),
('9', 'I', 'Adelino Junio Manuel Matias', 'a273223542', 'a273223542@aeaquaalba.pt', '46278063'),
('9', 'I', 'Marta Sofia Boquinhas Domingues', 'a274291371', 'a274291371@aeaquaalba.pt', '56212204'),
('9', 'I', 'Maiara Sofia da Veiga Lopes Tavares', 'a270476091', 'a270476091@aeaquaalba.pt', '30076896'),
('9', 'I', 'Camila Selemane dos Santos', 'a275483070', 'a275483070@aeaquaalba.pt', '67709916'),
('9', 'I', 'Sueli Sofia Carvalho', 'a305143832', 'a305143832@aeaquaalba.pt', '96692835'),
('9', 'I', 'Bernardo Manuel Pascoal Adão', 'a297993054', 'a297993054@aeaquaalba.pt', '18139973'),
('9', 'I', 'Nelson Sanches Tavares', 'a274616041', 'a274616041@aeaquaalba.pt', '96420700'),
('9', 'I', 'Peter Cardoso de Araújo', 'a295886846', 'a295886846@aeaquaalba.pt', '35452042'),
('9', 'I', 'Adulai Seidi', 'a286144115', 'a286144115@aeaquaalba.pt', '62989031'),
('9', 'I', 'Messias Joanino Gaspar da Silva', 'a284635936', 'a284635936@aeaquaalba.pt', '66185131'),
('9', 'I', 'ENZO ALEXANDRE CARDOSO MANUEL', 'a271594020', 'a271594020@aeaquaalba.pt', '54784061'),
('9', 'I', 'Alerrandro de Sousa Vieira', 'a304912662', 'a304912662@aeaquaalba.pt', '50109656'),
('9', 'I', 'Jahanzaib Khan', 'a306150140', 'a306150140@aeaquaalba.pt', '73780203'),
('9', 'I', 'Josimiro domingos Mendonça', 'a279518242', 'a279518242@aeaquaalba.pt', '16167475'),
('9', 'I', 'Olga da Silva Sá', 'a284068080', 'a284068080@aeaquaalba.pt', '39258432'),
('9', 'I', 'LEANDRO JORGE AMARAL MARTINS BORGES', 'a269567976', 'a269567976@aeaquaalba.pt', '24285841'),
('9', 'I', 'Sandy de Jesus Pires Afonso', 'a309991358', 'a309991358@aeaquaalba.pt', '62865527'),
('9', 'I', 'Simon Esquivel', 'a316822299', 'a316822299@aeaquaalba.pt', '302600580769'),
('9', 'I', 'DANIELA SOARES RODRIGUES', 'a297559907', 'a297559907@aeaquaalba.pt', '467529084097'),
('9', 'I', 'Adryan Pereira de Souza', 'a313234329', 'a313234329@aeaquaalba.pt', '512400121808'),
('9', 'I', 'Laizi Varela de Sousa', 'a319508544', 'a319508544@aeaquaalba.pt', '513528611773'),
('9', 'I', 'Daisimara Nhalim Mané', 'a319925250', 'a319925250@aeaquaalba.pt', '411402612510'),
('9', 'I', 'Admar Faustino Dias Pacheco', 'a397209806', 'a397209806@aeaquaalba.pt', '741582727771'),
('9', 'I', 'Wevellin Dias de Oliveira', 'a320329550', 'a320329550@aeaquaalba.pt', '401813326559'),
('9', 'I', 'Weverton Dias de Oliveira', 'a320329194', 'a320329194@aeaquaalba.pt', '298366425113'),
('9', 'I', 'Diego Costa', 'a268173362', 'a268173362@aeaquaalba.pt', '505394012058'),
('9', 'I', 'Cremilda Oliveira', 'a322999081', 'a322999081@aeaquaalba.pt', '410538004315'),
('9', 'J', 'JOÃO PEDRO DE OLIVEIRA MATOS', 'a273958496', 'a273958496@aeaquaalba.pt', '71920576'),
('9', 'J', 'Iaia Fati', 'a294942262', 'a294942262@aeaquaalba.pt', '67319619'),
('9', 'J', 'RAFAEL DELGADO SANTOS', 'a274590972', 'a274590972@aeaquaalba.pt', '68028825'),
('9', 'J', 'Patrck Miguel Macedo Carvalho', 'a262266857', 'a262266857@aeaquaalba.pt', '22345485'),
('9', 'J', 'Davi Rodrigues Mourato', 'a299938441', 'a299938441@aeaquaalba.pt', '14204810'),
('9', 'J', 'RAFAELA MARIA BASTO SOARES', 'a273528351', 'a273528351@aeaquaalba.pt', '67627213'),
('9', 'J', 'Marcia Sofia Garcia Semedo', 'a280802471', 'a280802471@aeaquaalba.pt', '40859641'),
('9', 'J', 'Pedro Mpaka Xavier', 'a299437094', 'a299437094@aeaquaalba.pt', '52757128'),
('9', 'J', 'Raissa Nhima Darame', 'a270771239', 'a270771239@aeaquaalba.pt', '21266223'),
('9', 'J', 'Cátia Satu Baldé', 'a293738190', 'a293738190@aeaquaalba.pt', '71748296'),
('9', 'J', 'Íris Maria Brito Baptista Varela', 'a272411167', 'a272411167@aeaquaalba.pt', '43524087'),
('9', 'J', 'Fábio Délcio Monteiro Carrasco', 'a273177222', 'a273177222@aeaquaalba.pt', '68373865'),
('9', 'J', 'Hugo dos Santos Dias', 'a273198033', 'a273198033@aeaquaalba.pt', '85720812'),
('9', 'J', 'Edgar Socrates Bragança Carvalho', 'a269930426', 'a269930426@aeaquaalba.pt', '26453584'),
('9', 'J', 'Kevin Alexandre Graça Furtado', 'a273613766', 'a273613766@aeaquaalba.pt', '94695213'),
('9', 'J', 'TIAGO FORTES DOS SANTOS', 'a269202595', 'a269202595@aeaquaalba.pt', '89449060'),
('9', 'J', 'Windjaba Augusto Cabi', 'a300072678', 'a300072678@aeaquaalba.pt', '71625164'),
('9', 'J', 'leithicia vitoria da silva xaveiro', 'a290439167', 'a290439167@aeaquaalba.pt', '40036808'),
('9', 'J', 'PAULA MATIAS VEIGA', 'a296998192', 'a296998192@aeaquaalba.pt', '42084497'),
('9', 'J', 'Gonçalo Filipe Raposo Pereira', 'a280910096', 'a280910096@aeaquaalba.pt', '34662080'),
('9', 'J', 'Daniela Katila Rodrigues Moreira', 'a272656640', 'a272656640@aeaquaalba.pt', '61447587'),
('9', 'J', 'Messias Fonseca Muto', 'a297062425', 'a297062425@aeaquaalba.pt', '20716376'),
('9', 'J', 'Rodrigo Filipe dos Reis Gouveia da Silva', 'a274767473', 'a274767473@aeaquaalba.pt', '90306261'),
('9', 'J', 'Cibele Leite Pontes', 'a300458681', 'a300458681@aeaquaalba.pt', '89742016'),
('9', 'J', 'Thiago Alves da Silva', 'a290849683', 'a290849683@aeaquaalba.pt', '81392613'),
('9', 'J', 'ISAAKEL LOPES BRITO', 'a278276938', 'a278276938@aeaquaalba.pt', '57279708'),
('9', 'J', 'Adygelson Sequeira Bragança', 'a303026952', 'a303026952@aeaquaalba.pt', '53738747'),
('9', 'J', 'Rui Tiago Quimuanga', 'a274570211', 'a274570211@aeaquaalba.pt', '46774308'),
('9', 'J', 'Irene Carla António', 'a301857245', 'a301857245@aeaquaalba.pt', '49051517'),
('9', 'J', 'Ismael Hamayoun', 'a308384970', 'a308384970@aeaquaalba.pt', '72376964'),
('9', 'J', 'Iara Alexandra Moreira Monteiro', 'a279362188', 'a279362188@aeaquaalba.pt', '71268636'),
('9', 'J', 'Andresa Mariana Fernandes Oliveira', 'a315255749', 'a315255749@aeaquaalba.pt', '62485033'),
('9', 'J', 'Manoel Neto', 'a314620141', 'a314620141@aeaquaalba.pt', '88833011'),
('9', 'J', 'Letícia da Graça Guenji Fernandes', 'a298701910', 'a298701910@aeaquaalba.pt', '252733537796'),
('9', 'J', 'Paulo Jorge Cardoso Xavier', 'a297034561', 'a297034561@aeaquaalba.pt', '804047221001'),
('9', 'J', 'Edmilson Correia Lutandila Domingos', 'a323927289', 'a323927289@aeaquaalba.pt', '283060991316'),
('9', 'J', 'Ladislau António Miguel', 'a321080432', 'a321080432@aeaquaalba.pt', '186026718144'),
('9', 'J', 'Sara Sofia Cortes Lopez', 'a321737342', 'a321737342@aeaquaalba.pt', '414549029697'),
('9', 'L', 'Vicente Macedo Fernandes Urbano de Carvalho', 'a272283916', 'a272283916@aeaquaalba.pt', '64092763'),
('9', 'L', 'Leticia tavares da mata', 'a270229647', 'a270229647@aeaquaalba.pt', '22652402'),
('9', 'L', 'Afonso Luis Amaro', 'a271090715', 'a271090715@aeaquaalba.pt', '58701475'),
('9', 'L', 'Neyma Edelise Fernandes Delgado', 'a273924770', 'a273924770@aeaquaalba.pt', '83823116'),
('9', 'L', 'Ketura Damaris Teca Kumbo', 'a276623444', 'a276623444@aeaquaalba.pt', '37019805'),
('9', 'L', 'Mauro Filipe Latas Tavares', 'a274866153', 'a274866153@aeaquaalba.pt', '36254064'),
('9', 'L', 'William Eduardo José Santana', 'a275960749', 'a275960749@aeaquaalba.pt', '35971856'),
('9', 'L', 'Aladje Mustafa Darame', 'a271818484', 'a271818484@aeaquaalba.pt', '20039904'),
('9', 'L', 'LUKENIA CELESTE LUÍS CHIPINDO', 'a272530468', 'a272530468@aeaquaalba.pt', '21203309'),
('9', 'L', 'Tiago Rafael Penavella Marinho', 'a271314346', 'a271314346@aeaquaalba.pt', '27235148'),
('9', 'L', 'Nixon Firmino Cândido Sanches Carvalho', 'a266968350', 'a266968350@aeaquaalba.pt', '36347034'),
('9', 'L', 'Duarte Miguel Figueiredo Gonçalves', 'a273141422', 'a273141422@aeaquaalba.pt', '53516337'),
('9', 'L', 'Djara Ioná Chantre Neves', 'a302290621', 'a302290621@aeaquaalba.pt', '94613147'),
('9', 'L', 'Tiago António Gomes Lima', 'a270231994', 'a270231994@aeaquaalba.pt', '37702991'),
('9', 'L', 'Alexandre Manuel Pereira Mestre', 'a275247546', 'a275247546@aeaquaalba.pt', '66205750'),
('9', 'L', 'Jasmim Selénia Manuel Cruz', 'a299392740', 'a299392740@aeaquaalba.pt', '35583440'),
('9', 'L', 'Marta Sofia Garrido Fragoso', 'a273311948', 'a273311948@aeaquaalba.pt', '19522309'),
('9', 'L', 'Madalena Almeida Araujo', 'a273883925', 'a273883925@aeaquaalba.pt', '20732260'),
('9', 'L', 'Cássia Isabela Fontoura Cavaleiro', 'a272988197', 'a272988197@aeaquaalba.pt', '85560789'),
('9', 'L', 'Martim Carneiro dos Santos', 'a276154339', 'a276154339@aeaquaalba.pt', '25077713'),
('9', 'L', 'Danny Oliveira Gomes', 'a282703888', 'a282703888@aeaquaalba.pt', '31741233'),
('9', 'L', 'Ederson Robalo Gonçalves', 'a275993841', 'a275993841@aeaquaalba.pt', '45743180'),
('9', 'L', 'Afonso Dinis da Costa Antunes', 'a271912383', 'a271912383@aeaquaalba.pt', '87043631'),
('9', 'L', 'Nádia Raquel Batista Casquilho', 'a269819738', 'a269819738@aeaquaalba.pt', '13772826'),
('9', 'L', 'Henrique Filipe Costa Parreira', 'a274862670', 'a274862670@aeaquaalba.pt', '90448541'),
('9', 'L', 'EUGÉNIA DA COSTA MENDES', 'a280004958', 'a280004958@aeaquaalba.pt', '30322095'),
('9', 'L', 'ANA MARIA PEDRO DA SILVA', 'a280523610', 'a280523610@aeaquaalba.pt', '28370887'),
('9', 'L', 'João Pedro Mendes Cupido', 'a277590574', 'a277590574@aeaquaalba.pt', '56755243'),
('9', 'L', 'Mateus Filipe Oliveira Brito', 'a274876647', 'a274876647@aeaquaalba.pt', '18528970'),
('9', 'L', 'Arifo Daude Algi', 'a297566288', 'a297566288@aeaquaalba.pt', '26104323'),
('9', 'L', 'Fábio Marcelo Rocha Delgado', 'a304319988', 'a304319988@aeaquaalba.pt', '91541049'),
('9', 'L', 'Heluma Henrique Damião Manuel', 'a293926379', 'a293926379@aeaquaalba.pt', '73652316'),
('9', 'L', 'Matilde Pereira Furtado', 'a275011151', 'a275011151@aeaquaalba.pt', '65898025'),
('9', 'L', 'Miguel Umarru Djaú Djaló', 'a272809420', 'a272809420@aeaquaalba.pt', '71624432'),
('9', 'L', 'Richard Moises Medeiros da Silva', 'a307983749', 'a307983749@aeaquaalba.pt', '91982146'),
('9', 'L', 'Yasmin Kathellyn Menezes de Sousa', 'a311582036', 'a311582036@aeaquaalba.pt', '68389147'),
('9', 'L', 'Ussai Baldé', 'a311671306', 'a311671306@aeaquaalba.pt', '89724810');

-- --------------------------------------------------------

--
-- Estrutura da tabela `tbl_alunos`
--

CREATE TABLE `tbl_alunos` (
  `id_aluno` int(11) NOT NULL COMMENT 'Chave primária da tabela alunos',
  `nome_aluno` varchar(255) NOT NULL COMMENT 'Nome do aluno',
  `user_aluno` varchar(255) NOT NULL COMMENT 'User do aluno',
  `email_aluno` varchar(255) NOT NULL COMMENT 'Email do Aluno',
  `time_stamp` timestamp NOT NULL DEFAULT current_timestamp() ON UPDATE current_timestamp() COMMENT 'Data de carregamento de dados'
) ENGINE=InnoDB DEFAULT CHARSET=utf8 COLLATE=utf8_general_ci COMMENT='Tabela dos alunos';

--
-- Extraindo dados da tabela `tbl_alunos`
--

INSERT INTO `tbl_alunos` (`id_aluno`, `nome_aluno`, `user_aluno`, `email_aluno`, `time_stamp`) VALUES
(1, 'Eduarda Maeva Alves Fortes', 'a280848528', 'a280848528@aeaquaalba.pt', '2024-10-10 13:22:26'),
(2, 'Tiago Ventura Vila Lobos', 'a280330251', 'a280330251@aeaquaalba.pt', '2024-10-10 13:22:26'),
(3, 'Enzo Gabriel Corte Real dos Santos', 'a292692382', 'a292692382@aeaquaalba.pt', '2024-10-10 13:22:26'),
(4, 'LARISSA OTAVIANO NOGUEIRA LELA VEIGA', 'a278567690', 'a278567690@aeaquaalba.pt', '2024-10-10 13:22:26'),
(5, 'Leonor Duarte de Almeida Monteiro Pardal', 'a277660718', 'a277660718@aeaquaalba.pt', '2024-10-10 13:22:26'),
(6, 'Letícia Sofia Costa Sanches Semedo', 'a278331920', 'a278331920@aeaquaalba.pt', '2024-10-10 13:22:26'),
(7, 'GUILHERME GOMES MACÁRIO COSTA CLARA', 'a260201332', 'a260201332@aeaquaalba.pt', '2024-10-10 13:22:26'),
(8, 'Lucas Daniel Vaz Naia Baiôa', 'a279560877', 'a279560877@aeaquaalba.pt', '2024-10-10 13:22:26'),
(9, 'Erica Sofia Barroso Viegas', 'a278215327', 'a278215327@aeaquaalba.pt', '2024-10-10 13:22:26'),
(10, 'Beatriz Correia Gomes Silva', 'a279603193', 'a279603193@aeaquaalba.pt', '2024-10-10 13:22:26'),
(11, 'Irina Arcanjo Almeida Martins', 'a282669582', 'a282669582@aeaquaalba.pt', '2024-10-10 13:22:26'),
(12, 'Khadija Lais Tavares Gaye', 'a279786441', 'a279786441@aeaquaalba.pt', '2024-10-10 13:22:26'),
(13, 'Armando Carolino da Silva Barbosa Andrade', 'a273899317', 'a273899317@aeaquaalba.pt', '2024-10-10 13:22:26'),
(14, 'Indira Novais de Sousa', 'a286494515', 'a286494515@aeaquaalba.pt', '2024-10-10 13:22:26'),
(15, 'Kiesse Facatino Luís', 'a274354136', 'a274354136@aeaquaalba.pt', '2024-10-10 13:22:26'),
(16, 'Luciana Cumbue Pelo Tchenhe', 'a302503935', 'a302503935@aeaquaalba.pt', '2024-10-10 13:22:26'),
(17, 'FABIO DE JESUS DA VEIGA MOREIRA', 'a300283105', 'a300283105@aeaquaalba.pt', '2024-10-10 13:22:26'),
(18, 'Yanick Có', 'a312344210', 'a312344210@aeaquaalba.pt', '2024-10-10 13:22:26'),
(19, 'anny louise ferreira de castro', 'a314720103', 'a314720103@aeaquaalba.pt', '2024-10-10 13:22:26'),
(20, 'Milito Jimys Mendes Camepilim', 'a319961524', 'a319961524@aeaquaalba.pt', '2024-10-10 13:22:26'),
(21, 'Provat Bin Abdul', 'a315865105', 'a315865105@aeaquaalba.pt', '2024-10-10 13:22:26'),
(22, 'Akanksha Jaswal', 'a316175900', 'a316175900@aeaquaalba.pt', '2024-10-10 13:22:26'),
(23, 'Amilcar Aladje Mendes', 'a321369025', 'a321369025@aeaquaalba.pt', '2024-10-10 13:22:26'),
(24, 'Michael Patrick Monteiro dos Reis', 'a323922830', 'a323922830@aeaquaalba.pt', '2024-10-10 13:22:26'),
(25, 'Elvis Alexandre Cardoso Timas', 'a280191472', 'a280191472@aeaquaalba.pt', '2024-10-10 13:22:26'),
(26, 'LUANA MARIA TAVARES SEMEDO', 'a278709834', 'a278709834@aeaquaalba.pt', '2024-10-10 13:22:26'),
(27, 'RICARDO VALDIR SANTOS FORTES', 'a276864042', 'a276864042@aeaquaalba.pt', '2024-10-10 13:22:26'),
(28, 'pabel islam', 'a298212366', 'a298212366@aeaquaalba.pt', '2024-10-10 13:22:26'),
(29, 'Tomás Manuel Sarmento Bernardo', 'a274635860', 'a274635860@aeaquaalba.pt', '2024-10-10 13:22:26'),
(30, 'Carina Simara Varela Ganó', 'a278657443', 'a278657443@aeaquaalba.pt', '2024-10-10 13:22:26'),
(31, 'Sandro Alexandre Sekulu David', 'a276430050', 'a276430050@aeaquaalba.pt', '2024-10-10 13:22:26'),
(32, 'Rafael Avelino Cortêz', 'a281445079', 'a281445079@aeaquaalba.pt', '2024-10-10 13:22:26'),
(33, 'Júlio Filipe Tigeleiro Paúl', 'a277888816', 'a277888816@aeaquaalba.pt', '2024-10-10 13:22:26'),
(34, 'Braima Bary', 'a290407486', 'a290407486@aeaquaalba.pt', '2024-10-10 13:22:26'),
(35, 'BARBARA MAURICIO MARQUES', 'a280013337', 'a280013337@aeaquaalba.pt', '2024-10-10 13:22:26'),
(36, 'Rodrigo Júnior Andrade Mendes', 'a279871740', 'a279871740@aeaquaalba.pt', '2024-10-10 13:22:26'),
(37, 'Tiago Chicoma Monteiro', 'a280572441', 'a280572441@aeaquaalba.pt', '2024-10-10 13:22:26'),
(38, 'Abid Alom', 'a298209713', 'a298209713@aeaquaalba.pt', '2024-10-10 13:22:26'),
(39, 'Mohamadu Só', 'a286701456', 'a286701456@aeaquaalba.pt', '2024-10-10 13:22:26'),
(40, 'David Luis Pereira Elias', 'a274823926', 'a274823926@aeaquaalba.pt', '2024-10-10 13:22:26'),
(41, 'Júlia Marinho Reis Pires', 'a280765061', 'a280765061@aeaquaalba.pt', '2024-10-10 13:22:26'),
(42, 'Kelly Sofia Delgado Fernandes', 'a282622357', 'a282622357@aeaquaalba.pt', '2024-10-10 13:22:26'),
(43, 'Rodrigo Miguel Lagartinho de Abreu Almeida', 'a280540981', 'a280540981@aeaquaalba.pt', '2024-10-10 13:22:26'),
(44, 'Daniel Padilha Rocha', 'a278320627', 'a278320627@aeaquaalba.pt', '2024-10-10 13:22:26'),
(45, 'Kauan Felipe dos Santos', 'a284125652', 'a284125652@aeaquaalba.pt', '2024-10-10 13:22:26'),
(46, 'Mamadou Alpha Diallo', 'a290533090', 'a290533090@aeaquaalba.pt', '2024-10-10 13:22:26'),
(47, 'Guilherme Simões Antunes', 'a278664865', 'a278664865@aeaquaalba.pt', '2024-10-10 13:22:26'),
(48, 'Isac Gabriel Ventura Oliveira', 'a280992599', 'a280992599@aeaquaalba.pt', '2024-10-10 13:22:26'),
(49, 'TIAGO MIGUEL SILVA BARRADAS DA CRUZ', 'a278056113', 'a278056113@aeaquaalba.pt', '2024-10-10 13:22:26'),
(50, 'Rafael Lopes Plácido', 'a312454082', 'a312454082@aeaquaalba.pt', '2024-10-10 13:22:26'),
(51, 'ERIANE MENDES TAVARES FERNANDES', 'a295481811', 'a295481811@aeaquaalba.pt', '2024-10-10 13:22:26'),
(52, 'Ruben Jailson Vaz Gomes', 'a277783950', 'a277783950@aeaquaalba.pt', '2024-10-10 13:22:26'),
(53, 'Letícia Patrícia Mora da Costa', 'a270562397', 'a270562397@aeaquaalba.pt', '2024-10-10 13:22:26'),
(54, 'João Miguel Soares Antão', 'a278497497', 'a278497497@aeaquaalba.pt', '2024-10-10 13:22:26'),
(55, 'Ema Ventura Correia', 'a278394655', 'a278394655@aeaquaalba.pt', '2024-10-10 13:22:26'),
(56, 'Isabel Rosita Sampaio', 'a283088591', 'a283088591@aeaquaalba.pt', '2024-10-10 13:22:26'),
(57, 'Geovani Cabral Fernandes', 'a274445395', 'a274445395@aeaquaalba.pt', '2024-10-10 13:22:26'),
(58, 'Armaan Sohpaul', 'a299526577', 'a299526577@aeaquaalba.pt', '2024-10-10 13:22:26'),
(59, 'Aniximandra de Fátima Nunes Alvarenga Silva', 'a276612744', 'a276612744@aeaquaalba.pt', '2024-10-10 13:22:26'),
(60, 'ARIELLE BENGUELA DE CARVALHO', 'a279919530', 'a279919530@aeaquaalba.pt', '2024-10-10 13:22:26'),
(61, 'Érica da Silva Moreira', 'a279577915', 'a279577915@aeaquaalba.pt', '2024-10-10 13:22:26'),
(62, 'Djeirom Barbosa Lopes', 'a305516183', 'a305516183@aeaquaalba.pt', '2024-10-10 13:22:26'),
(63, 'Miguel Dinis silva', 'a280151128', 'a280151128@aeaquaalba.pt', '2024-10-10 13:22:26'),
(64, 'Ussumane Seidi', 'a286144131', 'a286144131@aeaquaalba.pt', '2024-10-10 13:22:26'),
(65, 'Maureen Gonçalves Lopes Sousa', 'a309630657', 'a309630657@aeaquaalba.pt', '2024-10-10 13:22:26'),
(66, 'Leia António Gomes', 'a306413647', 'a306413647@aeaquaalba.pt', '2024-10-10 13:22:26'),
(67, 'Bismarck António Mauricio Arcanjo', 'a314495967', 'a314495967@aeaquaalba.pt', '2024-10-10 13:22:26'),
(68, 'Bruno Tavares', 'a288288050', 'a288288050@aeaquaalba.pt', '2024-10-10 13:22:26'),
(69, 'Edvaldo Carvalho', 'a320223698', 'a320223698@aeaquaalba.pt', '2024-10-10 13:22:26'),
(70, 'Eugénio Cá', 'a315473118', 'a315473118@aeaquaalba.pt', '2024-10-10 13:22:26'),
(71, 'André de Andrade Silva', 'a324095635', 'a324095635@aeaquaalba.pt', '2024-10-10 13:22:26'),
(72, 'Viviane Mendes', 'a305228196', 'a305228196@aeaquaalba.pt', '2024-10-10 13:22:26'),
(73, 'Liodelcio do Carmo Filho Wanuque', 'a318366851', 'a318366851@aeaquaalba.pt', '2024-10-10 13:22:26'),
(74, 'Ismael de Jesus Fernandes Dias', 'a320433765', 'a320433765@aeaquaalba.pt', '2024-10-10 13:22:26'),
(75, 'Luciana Evelize de Baros Melicio Teixeira', 'a274170965', 'a274170965@aeaquaalba.pt', '2024-10-10 13:22:26'),
(76, 'Carolina Cândido Biscaia Correia da Silva', 'a273309188', 'a273309188@aeaquaalba.pt', '2024-10-10 13:22:26'),
(77, 'Diva Aline Sanches Tavares', 'a268277087', 'a268277087@aeaquaalba.pt', '2024-10-10 13:22:26'),
(78, 'DANIELA SOFIA MENDES DA CRUZ', 'a275236307', 'a275236307@aeaquaalba.pt', '2024-10-10 13:22:26'),
(79, 'Maura Idilia Centeio Tavares', 'a280452209', 'a280452209@aeaquaalba.pt', '2024-10-10 13:22:26'),
(80, 'Lenilson Vieira Rocha', 'a275476570', 'a275476570@aeaquaalba.pt', '2024-10-10 13:22:26'),
(81, 'Sana Colubali Baldé', 'a294654895', 'a294654895@aeaquaalba.pt', '2024-10-10 13:22:26'),
(82, 'Filipe Alberto Feijo de Souza', 'a274462800', 'a274462800@aeaquaalba.pt', '2024-10-10 13:22:26'),
(83, 'Sene Colubali Baldé', 'a295657286', 'a295657286@aeaquaalba.pt', '2024-10-10 13:22:26'),
(84, 'Gabriel Mariano Souza', 'a304142751', 'a304142751@aeaquaalba.pt', '2024-10-10 13:22:26'),
(85, 'FÁTIMA BOBO SEIDI', 'a291510302', 'a291510302@aeaquaalba.pt', '2024-10-10 13:22:26'),
(86, 'Lionyr Gomes Pereira', 'a275596052', 'a275596052@aeaquaalba.pt', '2024-10-10 13:22:26'),
(87, 'João victor fontes cardoso de oliveira', 'a272675962', 'a272675962@aeaquaalba.pt', '2024-10-10 13:22:26'),
(88, 'Leonor Nascimento da Cruz', 'a273580663', 'a273580663@aeaquaalba.pt', '2024-10-10 13:22:26'),
(89, 'Diogo Miguel tavares Marques', 'a277279054', 'a277279054@aeaquaalba.pt', '2024-10-10 13:22:26'),
(90, 'GABRIELA MARIA MUSSENGUE DA SILVA', 'a290023688', 'a290023688@aeaquaalba.pt', '2024-10-10 13:22:26'),
(91, 'Emanuel Peterson Carlos Zunga', 'a301300186', 'a301300186@aeaquaalba.pt', '2024-10-10 13:22:26'),
(92, 'SARA SOFIA SEMEDO CABRAL', 'a275278387', 'a275278387@aeaquaalba.pt', '2024-10-10 13:22:26'),
(93, 'INÊS FERNANDES VARGAS', 'a275619788', 'a275619788@aeaquaalba.pt', '2024-10-10 13:22:26'),
(94, 'Rafael Ferro Faria', 'a295834749', 'a295834749@aeaquaalba.pt', '2024-10-10 13:22:26'),
(95, 'Vasilka Yordanova', 'a278303854', 'a278303854@aeaquaalba.pt', '2024-10-10 13:22:26'),
(96, 'Carolina Ferreira Whanon Chantre', 'a272375829', 'a272375829@aeaquaalba.pt', '2024-10-10 13:22:26'),
(97, 'Edvania do Espirito Santo Carvalho', 'a320224546', 'a320224546@aeaquaalba.pt', '2024-10-10 13:22:26'),
(98, 'Nathan Hazael Vaz Contreiras Ferreira', 'a298548348', 'a298548348@aeaquaalba.pt', '2024-10-10 13:22:26'),
(99, 'Ipshita Abanish', 'a321390369', 'a321390369@aeaquaalba.pt', '2024-10-10 13:22:26'),
(100, 'Prabhleen Kaur', 'a314834770', 'a314834770@aeaquaalba.pt', '2024-10-10 13:22:26'),
(101, 'raissa santos rosário', 'a278057659', 'a278057659@aeaquaalba.pt', '2024-10-10 13:22:26'),
(102, 'Kleidylson Ferreira Silva Moreno', 'a272254711', 'a272254711@aeaquaalba.pt', '2024-10-10 13:22:26'),
(103, 'FERNANDO GABRIEL GUIMARAES MACHADO', 'a292578156', 'a292578156@aeaquaalba.pt', '2024-10-10 13:22:26'),
(104, 'Jenifer Neide Sequeira Rosario', 'a272254142', 'a272254142@aeaquaalba.pt', '2024-10-10 13:22:26'),
(105, 'Christian Tomas Silva Lopes Pinheiro', 'a272362352', 'a272362352@aeaquaalba.pt', '2024-10-10 13:22:26'),
(106, 'Djaylen Wilson Moreno Varela', 'a273842560', 'a273842560@aeaquaalba.pt', '2024-10-10 13:22:26'),
(107, 'Elainy Alais Delgado Rodrigues', 'a302290761', 'a302290761@aeaquaalba.pt', '2024-10-10 13:22:26'),
(108, 'Gabriel Agostinho Viegas', 'a273457446', 'a273457446@aeaquaalba.pt', '2024-10-10 13:22:26'),
(109, 'GELSON GONÇALO OLIVEIRA DA SILVA', 'a303959460', 'a303959460@aeaquaalba.pt', '2024-10-10 13:22:26'),
(110, 'Daniela Laidine Fernandes Moreno', 'a300042191', 'a300042191@aeaquaalba.pt', '2024-10-10 13:22:26'),
(111, 'Tenem Embaló', 'a284013234', 'a284013234@aeaquaalba.pt', '2024-10-10 13:22:26'),
(112, 'Marcelo Bernardo Ferreira Carlos', 'a280638370', 'a280638370@aeaquaalba.pt', '2024-10-10 13:22:26'),
(113, 'YASMIN SOFIA RODRIGUES DO PRADO', 'a273020544', 'a273020544@aeaquaalba.pt', '2024-10-10 13:22:26'),
(114, 'Cadijato Só', 'a301062951', 'a301062951@aeaquaalba.pt', '2024-10-10 13:22:26'),
(115, 'ARIANA SOFIA BASTOS SANTOS', 'a275533743', 'a275533743@aeaquaalba.pt', '2024-10-10 13:22:26'),
(116, 'Benonea da Silva Barbosa Andrede', 'a297959654', 'a297959654@aeaquaalba.pt', '2024-10-10 13:22:26'),
(117, 'Tomás Riquelme Braia Dabó', 'a274266156', 'a274266156@aeaquaalba.pt', '2024-10-10 13:22:26'),
(118, 'Débora Pereira Tavares', 'a275815170', 'a275815170@aeaquaalba.pt', '2024-10-10 13:22:26'),
(119, 'Constança Santos Alves Lima', 'a275186202', 'a275186202@aeaquaalba.pt', '2024-10-10 13:22:26'),
(120, 'Sumaila Aladje Correia', 'a326533214', 'a326533214@aeaquaalba.pt', '2024-10-10 13:22:26'),
(121, 'Tiago Rodrigo Lopes de Brito', 'a269864296', 'a269864296@aeaquaalba.pt', '2024-10-10 13:22:26'),
(122, 'Valquiria Abiltonia Quizembe Pascoal', 'a323773389', 'a323773389@aeaquaalba.pt', '2024-10-10 13:22:26'),
(123, 'Karolina Soldatova', 'a290117461', 'a290117461@aeaquaalba.pt', '2024-10-10 13:22:26'),
(124, 'Kelly Sofia Varela Tavares Almeida', 'a271449365', 'a271449365@aeaquaalba.pt', '2024-10-10 13:22:26'),
(125, 'Bianca Alexandra Vargas Paiva', 'a275119246', 'a275119246@aeaquaalba.pt', '2024-10-10 13:22:26'),
(126, 'Gabriel Almeida Cordeiro Raposo Marques', 'a273689754', 'a273689754@aeaquaalba.pt', '2024-10-10 13:22:26'),
(127, 'Ivanildo Etiéne Correia', 'a270345922', 'a270345922@aeaquaalba.pt', '2024-10-10 13:22:26'),
(128, 'Andreia Catarina Nunes da Rocha Antunes', 'a267944012', 'a267944012@aeaquaalba.pt', '2024-10-10 13:22:26'),
(129, 'ANA MENDES DOMINGOS', 'a300535961', 'a300535961@aeaquaalba.pt', '2024-10-10 13:22:26'),
(130, 'filipe de melo lyekar', 'a274325438', 'a274325438@aeaquaalba.pt', '2024-10-10 13:22:26'),
(131, 'ISMAEL SEMEDO MARTINS', 'a278462707', 'a278462707@aeaquaalba.pt', '2024-10-10 13:22:26'),
(132, 'Marta Daiane Lomba Monteiro', 'a273308394', 'a273308394@aeaquaalba.pt', '2024-10-10 13:22:26'),
(133, 'LEANDRO ALEXANDRE PINA TEIXEIRA TAVARES ', 'a274641330', 'a274641330@aeaquaalba.pt', '2024-10-10 13:22:26'),
(134, 'Marcia Patricia De Pina Gomes', 'a293518394', 'a293518394@aeaquaalba.pt', '2024-10-10 13:22:26'),
(135, 'Vanessa Bianca Ficut', 'a263877051', 'a263877051@aeaquaalba.pt', '2024-10-10 13:22:26'),
(136, 'Djonsaba Koté', 'a285980807', 'a285980807@aeaquaalba.pt', '2024-10-10 13:22:26'),
(137, 'Richard Jefferson Nunes Cândido', 'a299549526', 'a299549526@aeaquaalba.pt', '2024-10-10 13:22:26'),
(138, 'William dos Reis Silva Jardim', 'a300644558', 'a300644558@aeaquaalba.pt', '2024-10-10 13:22:26'),
(139, 'Sara Rafaela Casimiro Luís', 'a272180700', 'a272180700@aeaquaalba.pt', '2024-10-10 13:22:26'),
(140, 'Onilson Alves Monteiro', 'a288342399', 'a288342399@aeaquaalba.pt', '2024-10-10 13:22:26'),
(141, 'Luana Isabel Vieira caldas', 'a273529714', 'a273529714@aeaquaalba.pt', '2024-10-10 13:22:26'),
(142, 'Leonardo Horta Monteiro Furtado', 'a301754748', 'a301754748@aeaquaalba.pt', '2024-10-10 13:22:26'),
(143, 'Rodica Florentina Ciorei Chascear', 'a273482602', 'a273482602@aeaquaalba.pt', '2024-10-10 13:22:26'),
(144, 'Ivo da Silva Oliveira Assunção', 'a268543216', 'a268543216@aeaquaalba.pt', '2024-10-10 13:22:26'),
(145, 'Guilherme Oliveira', 'a301125635', 'a301125635@aeaquaalba.pt', '2024-10-10 13:22:26'),
(146, 'Tais Sofia Sambu Baldé', 'a269642129', 'a269642129@aeaquaalba.pt', '2024-10-10 13:22:26'),
(147, 'Mariana Almada Tavares', 'a272155217', 'a272155217@aeaquaalba.pt', '2024-10-10 13:22:26'),
(148, 'Mariana Almada Tavares', 'a272155217', 'a272155217@aeaquaalba.pt', '2024-10-10 13:22:26'),
(149, 'Mirian Maquiesse Santos e Santos', 'a293694346', 'a293694346@aeaquaalba.pt', '2024-10-10 13:22:26'),
(150, 'Nilda Raquel Pina Boa Morte', 'a314627707', 'a314627707@aeaquaalba.pt', '2024-10-10 13:22:26'),
(151, 'Albertina Aminata Candé Sambú', 'a320389588', 'a320389588@aeaquaalba.pt', '2024-10-10 13:22:26'),
(152, 'Ruben Gabriel Mendes Borges', 'a285876511', 'a285876511@aeaquaalba.pt', '2024-10-10 13:22:26'),
(153, 'LUCINARA NAIOLE SANTOS DOS SANTOS', 'a304142514', 'a304142514@aeaquaalba.pt', '2024-10-10 13:22:26'),
(154, 'NILTON ISAAC MONTEIRO SOUSA', 'a322017637', 'a322017637@aeaquaalba.pt', '2024-10-10 13:22:26'),
(155, 'Adm Amr Hassib Hassan Khater', 'a313078297', 'a313078297@aeaquaalba.pt', '2024-10-10 13:22:26'),
(156, 'Ruben Harley Gomes Reis', 'a310896649', 'a310896649@aeaquaalba.pt', '2024-10-10 13:22:26'),
(157, 'Matilde Martins Ferreira', 'a270608060', 'a270608060@aeaquaalba.pt', '2024-10-10 13:22:26'),
(158, 'Carlos Francisco Cubala Ferreira da Silva', 'a269019812', 'a269019812@aeaquaalba.pt', '2024-10-10 13:22:26'),
(159, 'Francyelle Luisa Bandeira Dias', 'a297060635', 'a297060635@aeaquaalba.pt', '2024-10-10 13:22:26'),
(160, 'Afonso Manuel Duarte Lima', 'a275471160', 'a275471160@aeaquaalba.pt', '2024-10-10 13:22:26'),
(161, 'Ariana Marques Tavares Belo', 'a280548184', 'a280548184@aeaquaalba.pt', '2024-10-10 13:22:26'),
(162, 'Diogo Emanuel do Nascimento Nhaga Soares', 'a272713473', 'a272713473@aeaquaalba.pt', '2024-10-10 13:22:26'),
(163, 'Catarina Raquel Cruz', 'a272251372', 'a272251372@aeaquaalba.pt', '2024-10-10 13:22:26'),
(164, 'Martim Filipe Correia Tavares Cardoso Tavares', 'a275454746', 'a275454746@aeaquaalba.pt', '2024-10-10 13:22:26'),
(165, 'Matilde Baptista Domingues Ramos', 'a273610090', 'a273610090@aeaquaalba.pt', '2024-10-10 13:22:26'),
(166, 'Bruna Patricia Nascimento Santos', 'a271626054', 'a271626054@aeaquaalba.pt', '2024-10-10 13:22:26'),
(167, 'Álvaro António Gouveia de Almeida', 'a270526161', 'a270526161@aeaquaalba.pt', '2024-10-10 13:22:26'),
(168, 'Joana da Silva Raimundo', 'a273309943', 'a273309943@aeaquaalba.pt', '2024-10-10 13:22:26'),
(169, 'Rodrigo Afonso da Fonseca', 'a265634989', 'a265634989@aeaquaalba.pt', '2024-10-10 13:22:26'),
(170, 'MICAELA SEMEDO MARTINS', 'a273047655', 'a273047655@aeaquaalba.pt', '2024-10-10 13:22:26'),
(171, 'DANIEL RODRIGUES COIMBRA', 'a270848673', 'a270848673@aeaquaalba.pt', '2024-10-10 13:22:26'),
(172, 'Isabel Charraz Mourão', 'a270901299', 'a270901299@aeaquaalba.pt', '2024-10-10 13:22:26'),
(173, 'Rodrigo Pereira Rodrigues', 'a273719831', 'a273719831@aeaquaalba.pt', '2024-10-10 13:22:26'),
(174, 'Luis Rodrigues Carvalho', 'a274396289', 'a274396289@aeaquaalba.pt', '2024-10-10 13:22:26'),
(175, 'Alcione Dussu Embaló', 'a297784749', 'a297784749@aeaquaalba.pt', '2024-10-10 13:22:26'),
(176, 'Carolina Duarte Moraes', 'a272612383', 'a272612383@aeaquaalba.pt', '2024-10-10 13:22:26'),
(177, 'Edgar de jesus Rocha Mendonça Borges', 'a269586040', 'a269586040@aeaquaalba.pt', '2024-10-10 13:22:26'),
(178, 'ISABEL MATIAS VEIGA', 'a296893382', 'a296893382@aeaquaalba.pt', '2024-10-10 13:22:26'),
(179, 'Geovanny Anderson Matoso Pereira', 'a268783020', 'a268783020@aeaquaalba.pt', '2024-10-10 13:22:26'),
(180, 'EDSON JÚNIOR ROBALO GONÇALVES', 'a263982351', 'a263982351@aeaquaalba.pt', '2024-10-10 13:22:26'),
(181, 'Mariana Moura Afonso', 'a274363704', 'a274363704@aeaquaalba.pt', '2024-10-10 13:22:26'),
(182, 'Nicole Yasmin Dias dos SAntos', 'a273231502', 'a273231502@aeaquaalba.pt', '2024-10-10 13:22:26'),
(183, 'Gabriel Chifa', 'a294927930', 'a294927930@aeaquaalba.pt', '2024-10-10 13:22:26'),
(184, 'Diany dos Ramos Tiny Quaresma', 'a314112464', 'a314112464@aeaquaalba.pt', '2024-10-10 13:22:26'),
(185, 'Lolita Moreno Vaz Alves de Carvalho', 'a314105808', 'a314105808@aeaquaalba.pt', '2024-10-10 13:22:26'),
(186, 'Delcy Monteiro', 'a320972151', 'a320972151@aeaquaalba.pt', '2024-10-10 13:22:26'),
(187, 'Lutuima Francisco Diogo Gaspar', 'a321474805', 'a321474805@aeaquaalba.pt', '2024-10-10 13:22:26'),
(188, 'Aissatu Injai Dafé', 'a321861892', 'a321861892@aeaquaalba.pt', '2024-10-10 13:22:26'),
(189, 'Fabricio Ramos Varela', 'a323641229', 'a323641229@aeaquaalba.pt', '2024-10-10 13:22:26'),
(190, 'Osvaldo Custódio Azevedo', 'a268155038', 'a268155038@aeaquaalba.pt', '2024-10-10 13:22:26'),
(191, 'FILIPE DA CUNHA CATAO', 'a267742177', 'a267742177@aeaquaalba.pt', '2024-10-10 13:22:26'),
(192, 'Yara Melissa Pereira Duarte', 'a271702214', 'a271702214@aeaquaalba.pt', '2024-10-10 13:22:26'),
(193, 'Elícia Inês Sanches Fernandes', 'a273943901', 'a273943901@aeaquaalba.pt', '2024-10-10 13:22:26'),
(194, 'Nadine do Rosário Soares de Pina', 'a264448405', 'a264448405@aeaquaalba.pt', '2024-10-10 13:22:26'),
(195, 'Matias Júnior Lopes Correia Semedo', 'a275380840', 'a275380840@aeaquaalba.pt', '2024-10-10 13:22:26'),
(196, 'Yona Andreia Corte Real dos Santos', 'a292692536', 'a292692536@aeaquaalba.pt', '2024-10-10 13:22:26'),
(197, 'Ryan Souza Tavares Belo', 'a277796695', 'a277796695@aeaquaalba.pt', '2024-10-10 13:22:26'),
(198, 'Adelino Junio Manuel Matias', 'a273223542', 'a273223542@aeaquaalba.pt', '2024-10-10 13:22:26'),
(199, 'Marta Sofia Boquinhas Domingues', 'a274291371', 'a274291371@aeaquaalba.pt', '2024-10-10 13:22:26'),
(200, 'Maiara Sofia da Veiga Lopes Tavares', 'a270476091', 'a270476091@aeaquaalba.pt', '2024-10-10 13:22:26'),
(201, 'Camila Selemane dos Santos', 'a275483070', 'a275483070@aeaquaalba.pt', '2024-10-10 13:22:26'),
(202, 'Sueli Sofia Carvalho', 'a305143832', 'a305143832@aeaquaalba.pt', '2024-10-10 13:22:26'),
(203, 'Bernardo Manuel Pascoal Adão', 'a297993054', 'a297993054@aeaquaalba.pt', '2024-10-10 13:22:26'),
(204, 'Nelson Sanches Tavares', 'a274616041', 'a274616041@aeaquaalba.pt', '2024-10-10 13:22:26'),
(205, 'Peter Cardoso de Araújo', 'a295886846', 'a295886846@aeaquaalba.pt', '2024-10-10 13:22:26'),
(206, 'Adulai Seidi', 'a286144115', 'a286144115@aeaquaalba.pt', '2024-10-10 13:22:26'),
(207, 'Messias Joanino Gaspar da Silva', 'a284635936', 'a284635936@aeaquaalba.pt', '2024-10-10 13:22:26'),
(208, 'ENZO ALEXANDRE CARDOSO MANUEL', 'a271594020', 'a271594020@aeaquaalba.pt', '2024-10-10 13:22:26'),
(209, 'Alerrandro de Sousa Vieira', 'a304912662', 'a304912662@aeaquaalba.pt', '2024-10-10 13:22:26'),
(210, 'Jahanzaib Khan', 'a306150140', 'a306150140@aeaquaalba.pt', '2024-10-10 13:22:26'),
(211, 'Josimiro domingos Mendonça', 'a279518242', 'a279518242@aeaquaalba.pt', '2024-10-10 13:22:26'),
(212, 'Olga da Silva Sá', 'a284068080', 'a284068080@aeaquaalba.pt', '2024-10-10 13:22:26'),
(213, 'LEANDRO JORGE AMARAL MARTINS BORGES', 'a269567976', 'a269567976@aeaquaalba.pt', '2024-10-10 13:22:26'),
(214, 'Sandy de Jesus Pires Afonso', 'a309991358', 'a309991358@aeaquaalba.pt', '2024-10-10 13:22:26'),
(215, 'Simon Esquivel', 'a316822299', 'a316822299@aeaquaalba.pt', '2024-10-10 13:22:26'),
(216, 'DANIELA SOARES RODRIGUES', 'a297559907', 'a297559907@aeaquaalba.pt', '2024-10-10 13:22:26'),
(217, 'Adryan Pereira de Souza', 'a313234329', 'a313234329@aeaquaalba.pt', '2024-10-10 13:22:26'),
(218, 'Laizi Varela de Sousa', 'a319508544', 'a319508544@aeaquaalba.pt', '2024-10-10 13:22:26'),
(219, 'Daisimara Nhalim Mané', 'a319925250', 'a319925250@aeaquaalba.pt', '2024-10-10 13:22:26'),
(220, 'Admar Faustino Dias Pacheco', 'a397209806', 'a397209806@aeaquaalba.pt', '2024-10-10 13:22:26'),
(221, 'Wevellin Dias de Oliveira', 'a320329550', 'a320329550@aeaquaalba.pt', '2024-10-10 13:22:26'),
(222, 'Weverton Dias de Oliveira', 'a320329194', 'a320329194@aeaquaalba.pt', '2024-10-10 13:22:26'),
(223, 'Diego Costa', 'a268173362', 'a268173362@aeaquaalba.pt', '2024-10-10 13:22:26'),
(224, 'Cremilda Oliveira', 'a322999081', 'a322999081@aeaquaalba.pt', '2024-10-10 13:22:26'),
(225, 'JOÃO PEDRO DE OLIVEIRA MATOS', 'a273958496', 'a273958496@aeaquaalba.pt', '2024-10-10 13:22:26'),
(226, 'Iaia Fati', 'a294942262', 'a294942262@aeaquaalba.pt', '2024-10-10 13:22:26'),
(227, 'RAFAEL DELGADO SANTOS', 'a274590972', 'a274590972@aeaquaalba.pt', '2024-10-10 13:22:26'),
(228, 'Patrck Miguel Macedo Carvalho', 'a262266857', 'a262266857@aeaquaalba.pt', '2024-10-10 13:22:26'),
(229, 'Davi Rodrigues Mourato', 'a299938441', 'a299938441@aeaquaalba.pt', '2024-10-10 13:22:26'),
(230, 'RAFAELA MARIA BASTO SOARES', 'a273528351', 'a273528351@aeaquaalba.pt', '2024-10-10 13:22:26'),
(231, 'Marcia Sofia Garcia Semedo', 'a280802471', 'a280802471@aeaquaalba.pt', '2024-10-10 13:22:26'),
(232, 'Pedro Mpaka Xavier', 'a299437094', 'a299437094@aeaquaalba.pt', '2024-10-10 13:22:26'),
(233, 'Raissa Nhima Darame', 'a270771239', 'a270771239@aeaquaalba.pt', '2024-10-10 13:22:26'),
(234, 'Cátia Satu Baldé', 'a293738190', 'a293738190@aeaquaalba.pt', '2024-10-10 13:22:26'),
(235, 'Íris Maria Brito Baptista Varela', 'a272411167', 'a272411167@aeaquaalba.pt', '2024-10-10 13:22:26'),
(236, 'Fábio Délcio Monteiro Carrasco', 'a273177222', 'a273177222@aeaquaalba.pt', '2024-10-10 13:22:26'),
(237, 'Hugo dos Santos Dias', 'a273198033', 'a273198033@aeaquaalba.pt', '2024-10-10 13:22:26'),
(238, 'Edgar Socrates Bragança Carvalho', 'a269930426', 'a269930426@aeaquaalba.pt', '2024-10-10 13:22:26'),
(239, 'Kevin Alexandre Graça Furtado', 'a273613766', 'a273613766@aeaquaalba.pt', '2024-10-10 13:22:26'),
(240, 'TIAGO FORTES DOS SANTOS', 'a269202595', 'a269202595@aeaquaalba.pt', '2024-10-10 13:22:26'),
(241, 'Windjaba Augusto Cabi', 'a300072678', 'a300072678@aeaquaalba.pt', '2024-10-10 13:22:26'),
(242, 'leithicia vitoria da silva xaveiro', 'a290439167', 'a290439167@aeaquaalba.pt', '2024-10-10 13:22:26'),
(243, 'PAULA MATIAS VEIGA', 'a296998192', 'a296998192@aeaquaalba.pt', '2024-10-10 13:22:26'),
(244, 'Gonçalo Filipe Raposo Pereira', 'a280910096', 'a280910096@aeaquaalba.pt', '2024-10-10 13:22:26'),
(245, 'Daniela Katila Rodrigues Moreira', 'a272656640', 'a272656640@aeaquaalba.pt', '2024-10-10 13:22:26'),
(246, 'Messias Fonseca Muto', 'a297062425', 'a297062425@aeaquaalba.pt', '2024-10-10 13:22:26'),
(247, 'Rodrigo Filipe dos Reis Gouveia da Silva', 'a274767473', 'a274767473@aeaquaalba.pt', '2024-10-10 13:22:26'),
(248, 'Cibele Leite Pontes', 'a300458681', 'a300458681@aeaquaalba.pt', '2024-10-10 13:22:26'),
(249, 'Thiago Alves da Silva', 'a290849683', 'a290849683@aeaquaalba.pt', '2024-10-10 13:22:26'),
(250, 'ISAAKEL LOPES BRITO', 'a278276938', 'a278276938@aeaquaalba.pt', '2024-10-10 13:22:26'),
(251, 'Adygelson Sequeira Bragança', 'a303026952', 'a303026952@aeaquaalba.pt', '2024-10-10 13:22:26'),
(252, 'Rui Tiago Quimuanga', 'a274570211', 'a274570211@aeaquaalba.pt', '2024-10-10 13:22:26'),
(253, 'Irene Carla António', 'a301857245', 'a301857245@aeaquaalba.pt', '2024-10-10 13:22:26'),
(254, 'Ismael Hamayoun', 'a308384970', 'a308384970@aeaquaalba.pt', '2024-10-10 13:22:26'),
(255, 'Iara Alexandra Moreira Monteiro', 'a279362188', 'a279362188@aeaquaalba.pt', '2024-10-10 13:22:26'),
(256, 'Andresa Mariana Fernandes Oliveira', 'a315255749', 'a315255749@aeaquaalba.pt', '2024-10-10 13:22:26'),
(257, 'Manoel Neto', 'a314620141', 'a314620141@aeaquaalba.pt', '2024-10-10 13:22:26'),
(258, 'Letícia da Graça Guenji Fernandes', 'a298701910', 'a298701910@aeaquaalba.pt', '2024-10-10 13:22:26'),
(259, 'Paulo Jorge Cardoso Xavier', 'a297034561', 'a297034561@aeaquaalba.pt', '2024-10-10 13:22:26'),
(260, 'Edmilson Correia Lutandila Domingos', 'a323927289', 'a323927289@aeaquaalba.pt', '2024-10-10 13:22:26'),
(261, 'Ladislau António Miguel', 'a321080432', 'a321080432@aeaquaalba.pt', '2024-10-10 13:22:26'),
(262, 'Sara Sofia Cortes Lopez', 'a321737342', 'a321737342@aeaquaalba.pt', '2024-10-10 13:22:26'),
(263, 'Vicente Macedo Fernandes Urbano de Carvalho', 'a272283916', 'a272283916@aeaquaalba.pt', '2024-10-10 13:22:26'),
(264, 'Leticia tavares da mata', 'a270229647', 'a270229647@aeaquaalba.pt', '2024-10-10 13:22:26'),
(265, 'Afonso Luis Amaro', 'a271090715', 'a271090715@aeaquaalba.pt', '2024-10-10 13:22:26'),
(266, 'Neyma Edelise Fernandes Delgado', 'a273924770', 'a273924770@aeaquaalba.pt', '2024-10-10 13:22:26'),
(267, 'Ketura Damaris Teca Kumbo', 'a276623444', 'a276623444@aeaquaalba.pt', '2024-10-10 13:22:26'),
(268, 'Mauro Filipe Latas Tavares', 'a274866153', 'a274866153@aeaquaalba.pt', '2024-10-10 13:22:26'),
(269, 'William Eduardo José Santana', 'a275960749', 'a275960749@aeaquaalba.pt', '2024-10-10 13:22:26'),
(270, 'Aladje Mustafa Darame', 'a271818484', 'a271818484@aeaquaalba.pt', '2024-10-10 13:22:26'),
(271, 'LUKENIA CELESTE LUÍS CHIPINDO', 'a272530468', 'a272530468@aeaquaalba.pt', '2024-10-10 13:22:26'),
(272, 'Tiago Rafael Penavella Marinho', 'a271314346', 'a271314346@aeaquaalba.pt', '2024-10-10 13:22:26'),
(273, 'Nixon Firmino Cândido Sanches Carvalho', 'a266968350', 'a266968350@aeaquaalba.pt', '2024-10-10 13:22:26'),
(274, 'Duarte Miguel Figueiredo Gonçalves', 'a273141422', 'a273141422@aeaquaalba.pt', '2024-10-10 13:22:26'),
(275, 'Djara Ioná Chantre Neves', 'a302290621', 'a302290621@aeaquaalba.pt', '2024-10-10 13:22:26'),
(276, 'Tiago António Gomes Lima', 'a270231994', 'a270231994@aeaquaalba.pt', '2024-10-10 13:22:26'),
(277, 'Alexandre Manuel Pereira Mestre', 'a275247546', 'a275247546@aeaquaalba.pt', '2024-10-10 13:22:26'),
(278, 'Jasmim Selénia Manuel Cruz', 'a299392740', 'a299392740@aeaquaalba.pt', '2024-10-10 13:22:26'),
(279, 'Marta Sofia Garrido Fragoso', 'a273311948', 'a273311948@aeaquaalba.pt', '2024-10-10 13:22:26'),
(280, 'Madalena Almeida Araujo', 'a273883925', 'a273883925@aeaquaalba.pt', '2024-10-10 13:22:26'),
(281, 'Cássia Isabela Fontoura Cavaleiro', 'a272988197', 'a272988197@aeaquaalba.pt', '2024-10-10 13:22:26'),
(282, 'Martim Carneiro dos Santos', 'a276154339', 'a276154339@aeaquaalba.pt', '2024-10-10 13:22:26'),
(283, 'Danny Oliveira Gomes', 'a282703888', 'a282703888@aeaquaalba.pt', '2024-10-10 13:22:26'),
(284, 'Ederson Robalo Gonçalves', 'a275993841', 'a275993841@aeaquaalba.pt', '2024-10-10 13:22:26'),
(285, 'Afonso Dinis da Costa Antunes', 'a271912383', 'a271912383@aeaquaalba.pt', '2024-10-10 13:22:26'),
(286, 'Nádia Raquel Batista Casquilho', 'a269819738', 'a269819738@aeaquaalba.pt', '2024-10-10 13:22:26'),
(287, 'Henrique Filipe Costa Parreira', 'a274862670', 'a274862670@aeaquaalba.pt', '2024-10-10 13:22:26'),
(288, 'EUGÉNIA DA COSTA MENDES', 'a280004958', 'a280004958@aeaquaalba.pt', '2024-10-10 13:22:26'),
(289, 'ANA MARIA PEDRO DA SILVA', 'a280523610', 'a280523610@aeaquaalba.pt', '2024-10-10 13:22:26'),
(290, 'João Pedro Mendes Cupido', 'a277590574', 'a277590574@aeaquaalba.pt', '2024-10-10 13:22:26'),
(291, 'Mateus Filipe Oliveira Brito', 'a274876647', 'a274876647@aeaquaalba.pt', '2024-10-10 13:22:26'),
(292, 'Arifo Daude Algi', 'a297566288', 'a297566288@aeaquaalba.pt', '2024-10-10 13:22:26'),
(293, 'Fábio Marcelo Rocha Delgado', 'a304319988', 'a304319988@aeaquaalba.pt', '2024-10-10 13:22:26'),
(294, 'Heluma Henrique Damião Manuel', 'a293926379', 'a293926379@aeaquaalba.pt', '2024-10-10 13:22:26'),
(295, 'Matilde Pereira Furtado', 'a275011151', 'a275011151@aeaquaalba.pt', '2024-10-10 13:22:26'),
(296, 'Miguel Umarru Djaú Djaló', 'a272809420', 'a272809420@aeaquaalba.pt', '2024-10-10 13:22:26'),
(297, 'Richard Moises Medeiros da Silva', 'a307983749', 'a307983749@aeaquaalba.pt', '2024-10-10 13:22:26'),
(298, 'Yasmin Kathellyn Menezes de Sousa', 'a311582036', 'a311582036@aeaquaalba.pt', '2024-10-10 13:22:26'),
(299, 'Ussai Baldé', 'a311671306', 'a311671306@aeaquaalba.pt', '2024-10-10 13:22:26');

-- --------------------------------------------------------

--
-- Estrutura da tabela `tbl_aluno_ano`
--

CREATE TABLE `tbl_aluno_ano` (
  `id_aluno_ano` int(11) NOT NULL,
  `id_aluno` int(11) NOT NULL,
  `idat` int(11) NOT NULL,
  `time_stamp` timestamp NOT NULL DEFAULT current_timestamp() ON UPDATE current_timestamp()
) ENGINE=InnoDB DEFAULT CHARSET=utf8 COLLATE=utf8_general_ci;

--
-- Extraindo dados da tabela `tbl_aluno_ano`
--

INSERT INTO `tbl_aluno_ano` (`id_aluno_ano`, `id_aluno`, `idat`, `time_stamp`) VALUES
(1, 1, 1, '2024-10-10 13:25:18'),
(2, 2, 1, '2024-10-10 13:25:18'),
(3, 3, 1, '2024-10-10 13:25:18'),
(4, 4, 1, '2024-10-10 13:25:18'),
(5, 5, 1, '2024-10-10 13:25:18'),
(6, 6, 1, '2024-10-10 13:25:18'),
(7, 7, 1, '2024-10-10 13:25:18'),
(8, 8, 1, '2024-10-10 13:25:18'),
(9, 9, 1, '2024-10-10 13:25:18'),
(10, 10, 1, '2024-10-10 13:25:18'),
(11, 11, 1, '2024-10-10 13:25:18'),
(12, 12, 1, '2024-10-10 13:25:18'),
(13, 13, 1, '2024-10-10 13:25:18'),
(14, 14, 1, '2024-10-10 13:25:18'),
(15, 15, 1, '2024-10-10 13:25:18'),
(16, 16, 1, '2024-10-10 13:25:18'),
(17, 17, 1, '2024-10-10 13:25:18'),
(18, 18, 1, '2024-10-10 13:25:18'),
(19, 19, 1, '2024-10-10 13:25:18'),
(20, 20, 1, '2024-10-10 13:25:18'),
(21, 21, 1, '2024-10-10 13:25:18'),
(22, 22, 1, '2024-10-10 13:25:18'),
(23, 23, 1, '2024-10-10 13:25:18'),
(24, 24, 1, '2024-10-10 13:25:18'),
(25, 25, 2, '2024-10-10 13:25:18'),
(26, 26, 2, '2024-10-10 13:25:18'),
(27, 27, 2, '2024-10-10 13:25:18'),
(28, 28, 2, '2024-10-10 13:25:18'),
(29, 29, 2, '2024-10-10 13:25:18'),
(30, 30, 2, '2024-10-10 13:25:18'),
(31, 31, 2, '2024-10-10 13:25:18'),
(32, 32, 2, '2024-10-10 13:25:18'),
(33, 33, 2, '2024-10-10 13:25:18'),
(34, 34, 2, '2024-10-10 13:25:18'),
(35, 35, 2, '2024-10-10 13:25:18'),
(36, 36, 2, '2024-10-10 13:25:18'),
(37, 37, 2, '2024-10-10 13:25:18'),
(38, 38, 2, '2024-10-10 13:25:18'),
(39, 39, 2, '2024-10-10 13:25:18'),
(40, 40, 2, '2024-10-10 13:25:18'),
(41, 41, 2, '2024-10-10 13:25:18'),
(42, 42, 2, '2024-10-10 13:25:18'),
(43, 43, 2, '2024-10-10 13:25:18'),
(44, 44, 2, '2024-10-10 13:25:18'),
(45, 45, 2, '2024-10-10 13:25:18'),
(46, 46, 2, '2024-10-10 13:25:18'),
(47, 47, 2, '2024-10-10 13:25:18'),
(48, 48, 2, '2024-10-10 13:25:18'),
(49, 49, 2, '2024-10-10 13:25:18'),
(50, 50, 2, '2024-10-10 13:25:18'),
(51, 51, 3, '2024-10-10 13:25:18'),
(52, 52, 3, '2024-10-10 13:25:18'),
(53, 53, 3, '2024-10-10 13:25:18'),
(54, 54, 3, '2024-10-10 13:25:18'),
(55, 55, 3, '2024-10-10 13:25:18'),
(56, 56, 3, '2024-10-10 13:25:18'),
(57, 57, 3, '2024-10-10 13:25:18'),
(58, 58, 3, '2024-10-10 13:25:18'),
(59, 59, 3, '2024-10-10 13:25:18'),
(60, 60, 3, '2024-10-10 13:25:18'),
(61, 61, 3, '2024-10-10 13:25:18'),
(62, 62, 3, '2024-10-10 13:25:18'),
(63, 63, 3, '2024-10-10 13:25:18'),
(64, 64, 3, '2024-10-10 13:25:18'),
(65, 65, 3, '2024-10-10 13:25:18'),
(66, 66, 3, '2024-10-10 13:25:18'),
(67, 67, 3, '2024-10-10 13:25:18'),
(68, 68, 3, '2024-10-10 13:25:18'),
(69, 69, 3, '2024-10-10 13:25:18'),
(70, 70, 3, '2024-10-10 13:25:18'),
(71, 71, 3, '2024-10-10 13:25:18'),
(72, 72, 3, '2024-10-10 13:25:18'),
(73, 73, 3, '2024-10-10 13:25:18'),
(74, 74, 3, '2024-10-10 13:25:18'),
(75, 75, 4, '2024-10-10 13:25:18'),
(76, 76, 4, '2024-10-10 13:25:18'),
(77, 77, 4, '2024-10-10 13:25:18'),
(78, 78, 4, '2024-10-10 13:25:18'),
(79, 79, 4, '2024-10-10 13:25:18'),
(80, 80, 4, '2024-10-10 13:25:18'),
(81, 81, 4, '2024-10-10 13:25:18'),
(82, 82, 4, '2024-10-10 13:25:18'),
(83, 83, 4, '2024-10-10 13:25:18'),
(84, 84, 4, '2024-10-10 13:25:18'),
(85, 85, 4, '2024-10-10 13:25:18'),
(86, 86, 4, '2024-10-10 13:25:18'),
(87, 87, 4, '2024-10-10 13:25:18'),
(88, 88, 4, '2024-10-10 13:25:18'),
(89, 89, 4, '2024-10-10 13:25:18'),
(90, 90, 4, '2024-10-10 13:25:18'),
(91, 91, 4, '2024-10-10 13:25:18'),
(92, 92, 4, '2024-10-10 13:25:18'),
(93, 93, 4, '2024-10-10 13:25:18'),
(94, 94, 4, '2024-10-10 13:25:18'),
(95, 95, 4, '2024-10-10 13:25:18'),
(96, 96, 4, '2024-10-10 13:25:18'),
(97, 97, 4, '2024-10-10 13:25:18'),
(98, 98, 4, '2024-10-10 13:25:18'),
(99, 99, 4, '2024-10-10 13:25:18'),
(100, 100, 4, '2024-10-10 13:25:18'),
(101, 101, 4, '2024-10-10 13:25:18'),
(102, 102, 5, '2024-10-10 13:25:18'),
(103, 103, 5, '2024-10-10 13:25:18'),
(104, 104, 5, '2024-10-10 13:25:18'),
(105, 105, 5, '2024-10-10 13:25:18'),
(106, 106, 5, '2024-10-10 13:25:18'),
(107, 107, 5, '2024-10-10 13:25:18'),
(108, 108, 5, '2024-10-10 13:25:18'),
(109, 109, 5, '2024-10-10 13:25:18'),
(110, 110, 5, '2024-10-10 13:25:18'),
(111, 111, 5, '2024-10-10 13:25:18'),
(112, 112, 5, '2024-10-10 13:25:18'),
(113, 113, 5, '2024-10-10 13:25:18'),
(114, 114, 5, '2024-10-10 13:25:18'),
(115, 115, 5, '2024-10-10 13:25:18'),
(116, 116, 5, '2024-10-10 13:25:18'),
(117, 117, 5, '2024-10-10 13:25:18'),
(118, 118, 5, '2024-10-10 13:25:18'),
(119, 119, 5, '2024-10-10 13:25:18'),
(120, 120, 5, '2024-10-10 13:25:18'),
(121, 121, 5, '2024-10-10 13:25:18'),
(122, 122, 5, '2024-10-10 13:25:18'),
(123, 123, 6, '2024-10-10 13:25:18'),
(124, 124, 6, '2024-10-10 13:25:18'),
(125, 125, 6, '2024-10-10 13:25:18'),
(126, 126, 6, '2024-10-10 13:25:18'),
(127, 127, 6, '2024-10-10 13:25:18'),
(128, 128, 6, '2024-10-10 13:25:18'),
(129, 129, 6, '2024-10-10 13:25:18'),
(130, 130, 6, '2024-10-10 13:25:18'),
(131, 131, 6, '2024-10-10 13:25:18'),
(132, 132, 6, '2024-10-10 13:25:18'),
(133, 133, 6, '2024-10-10 13:25:18'),
(134, 134, 6, '2024-10-10 13:25:18'),
(135, 135, 6, '2024-10-10 13:25:18'),
(136, 136, 6, '2024-10-10 13:25:18'),
(137, 137, 6, '2024-10-10 13:25:18'),
(138, 138, 6, '2024-10-10 13:25:18'),
(139, 139, 6, '2024-10-10 13:25:18'),
(140, 140, 6, '2024-10-10 13:25:18'),
(141, 141, 6, '2024-10-10 13:25:18'),
(142, 142, 6, '2024-10-10 13:25:18'),
(143, 143, 6, '2024-10-10 13:25:18'),
(144, 144, 6, '2024-10-10 13:25:18'),
(145, 145, 6, '2024-10-10 13:25:18'),
(146, 146, 6, '2024-10-10 13:25:18'),
(147, 147, 6, '2024-10-10 13:25:18'),
(148, 147, 6, '2024-10-10 13:25:18'),
(149, 148, 6, '2024-10-10 13:25:18'),
(150, 148, 6, '2024-10-10 13:25:18'),
(151, 149, 6, '2024-10-10 13:25:18'),
(152, 150, 6, '2024-10-10 13:25:18'),
(153, 151, 6, '2024-10-10 13:25:18'),
(154, 152, 6, '2024-10-10 13:25:18'),
(155, 153, 6, '2024-10-10 13:25:18'),
(156, 154, 6, '2024-10-10 13:25:18'),
(157, 155, 6, '2024-10-10 13:25:18'),
(158, 156, 6, '2024-10-10 13:25:18'),
(159, 157, 7, '2024-10-10 13:25:18'),
(160, 158, 7, '2024-10-10 13:25:18'),
(161, 159, 7, '2024-10-10 13:25:18'),
(162, 160, 7, '2024-10-10 13:25:18'),
(163, 161, 7, '2024-10-10 13:25:18'),
(164, 162, 7, '2024-10-10 13:25:18'),
(165, 163, 7, '2024-10-10 13:25:18'),
(166, 164, 7, '2024-10-10 13:25:18'),
(167, 165, 7, '2024-10-10 13:25:18'),
(168, 166, 7, '2024-10-10 13:25:18'),
(169, 167, 7, '2024-10-10 13:25:18'),
(170, 168, 7, '2024-10-10 13:25:18'),
(171, 169, 7, '2024-10-10 13:25:18'),
(172, 170, 7, '2024-10-10 13:25:18'),
(173, 171, 7, '2024-10-10 13:25:18'),
(174, 172, 7, '2024-10-10 13:25:18'),
(175, 173, 7, '2024-10-10 13:25:18'),
(176, 174, 7, '2024-10-10 13:25:18'),
(177, 175, 7, '2024-10-10 13:25:18'),
(178, 176, 7, '2024-10-10 13:25:18'),
(179, 177, 7, '2024-10-10 13:25:18'),
(180, 178, 7, '2024-10-10 13:25:18'),
(181, 179, 7, '2024-10-10 13:25:18'),
(182, 180, 7, '2024-10-10 13:25:18'),
(183, 181, 7, '2024-10-10 13:25:18'),
(184, 182, 7, '2024-10-10 13:25:18'),
(185, 183, 7, '2024-10-10 13:25:18'),
(186, 184, 7, '2024-10-10 13:25:18'),
(187, 185, 7, '2024-10-10 13:25:18'),
(188, 186, 7, '2024-10-10 13:25:18'),
(189, 187, 7, '2024-10-10 13:25:18'),
(190, 188, 7, '2024-10-10 13:25:18'),
(191, 189, 7, '2024-10-10 13:25:18'),
(192, 190, 8, '2024-10-10 13:25:18'),
(193, 191, 8, '2024-10-10 13:25:18'),
(194, 192, 8, '2024-10-10 13:25:18'),
(195, 193, 8, '2024-10-10 13:25:18'),
(196, 194, 8, '2024-10-10 13:25:18'),
(197, 195, 8, '2024-10-10 13:25:18'),
(198, 196, 8, '2024-10-10 13:25:18'),
(199, 197, 8, '2024-10-10 13:25:18'),
(200, 198, 8, '2024-10-10 13:25:18'),
(201, 199, 8, '2024-10-10 13:25:18'),
(202, 200, 8, '2024-10-10 13:25:18'),
(203, 201, 8, '2024-10-10 13:25:18'),
(204, 202, 8, '2024-10-10 13:25:18'),
(205, 203, 8, '2024-10-10 13:25:18'),
(206, 204, 8, '2024-10-10 13:25:18'),
(207, 205, 8, '2024-10-10 13:25:18'),
(208, 206, 8, '2024-10-10 13:25:18'),
(209, 207, 8, '2024-10-10 13:25:18'),
(210, 208, 8, '2024-10-10 13:25:18'),
(211, 209, 8, '2024-10-10 13:25:18'),
(212, 210, 8, '2024-10-10 13:25:18'),
(213, 211, 8, '2024-10-10 13:25:18'),
(214, 212, 8, '2024-10-10 13:25:18'),
(215, 213, 8, '2024-10-10 13:25:18'),
(216, 214, 8, '2024-10-10 13:25:18'),
(217, 215, 8, '2024-10-10 13:25:18'),
(218, 216, 8, '2024-10-10 13:25:18'),
(219, 217, 8, '2024-10-10 13:25:18'),
(220, 218, 8, '2024-10-10 13:25:18'),
(221, 219, 8, '2024-10-10 13:25:18'),
(222, 220, 8, '2024-10-10 13:25:18'),
(223, 221, 8, '2024-10-10 13:25:18'),
(224, 222, 8, '2024-10-10 13:25:18'),
(225, 223, 8, '2024-10-10 13:25:18'),
(226, 224, 8, '2024-10-10 13:25:18'),
(227, 225, 9, '2024-10-10 13:25:18'),
(228, 226, 9, '2024-10-10 13:25:18'),
(229, 227, 9, '2024-10-10 13:25:18'),
(230, 228, 9, '2024-10-10 13:25:18'),
(231, 229, 9, '2024-10-10 13:25:18'),
(232, 230, 9, '2024-10-10 13:25:18'),
(233, 231, 9, '2024-10-10 13:25:18'),
(234, 232, 9, '2024-10-10 13:25:18'),
(235, 233, 9, '2024-10-10 13:25:18'),
(236, 234, 9, '2024-10-10 13:25:18'),
(237, 235, 9, '2024-10-10 13:25:18'),
(238, 236, 9, '2024-10-10 13:25:18'),
(239, 237, 9, '2024-10-10 13:25:18'),
(240, 238, 9, '2024-10-10 13:25:18'),
(241, 239, 9, '2024-10-10 13:25:18'),
(242, 240, 9, '2024-10-10 13:25:18'),
(243, 241, 9, '2024-10-10 13:25:18'),
(244, 242, 9, '2024-10-10 13:25:18'),
(245, 243, 9, '2024-10-10 13:25:18'),
(246, 244, 9, '2024-10-10 13:25:18'),
(247, 245, 9, '2024-10-10 13:25:18'),
(248, 246, 9, '2024-10-10 13:25:18'),
(249, 247, 9, '2024-10-10 13:25:18'),
(250, 248, 9, '2024-10-10 13:25:18'),
(251, 249, 9, '2024-10-10 13:25:18'),
(252, 250, 9, '2024-10-10 13:25:18'),
(253, 251, 9, '2024-10-10 13:25:18'),
(254, 252, 9, '2024-10-10 13:25:18'),
(255, 253, 9, '2024-10-10 13:25:18'),
(256, 254, 9, '2024-10-10 13:25:18'),
(257, 255, 9, '2024-10-10 13:25:18'),
(258, 256, 9, '2024-10-10 13:25:18'),
(259, 257, 9, '2024-10-10 13:25:18'),
(260, 258, 9, '2024-10-10 13:25:18'),
(261, 259, 9, '2024-10-10 13:25:18'),
(262, 260, 9, '2024-10-10 13:25:18'),
(263, 261, 9, '2024-10-10 13:25:18'),
(264, 262, 9, '2024-10-10 13:25:18'),
(265, 263, 10, '2024-10-10 13:25:18'),
(266, 264, 10, '2024-10-10 13:25:18'),
(267, 265, 10, '2024-10-10 13:25:18'),
(268, 266, 10, '2024-10-10 13:25:18'),
(269, 267, 10, '2024-10-10 13:25:18'),
(270, 268, 10, '2024-10-10 13:25:18'),
(271, 269, 10, '2024-10-10 13:25:18'),
(272, 270, 10, '2024-10-10 13:25:18'),
(273, 271, 10, '2024-10-10 13:25:18'),
(274, 272, 10, '2024-10-10 13:25:18'),
(275, 273, 10, '2024-10-10 13:25:18'),
(276, 274, 10, '2024-10-10 13:25:18'),
(277, 275, 10, '2024-10-10 13:25:18'),
(278, 276, 10, '2024-10-10 13:25:18'),
(279, 277, 10, '2024-10-10 13:25:18'),
(280, 278, 10, '2024-10-10 13:25:18'),
(281, 279, 10, '2024-10-10 13:25:18'),
(282, 280, 10, '2024-10-10 13:25:18'),
(283, 281, 10, '2024-10-10 13:25:18'),
(284, 282, 10, '2024-10-10 13:25:18'),
(285, 283, 10, '2024-10-10 13:25:18'),
(286, 284, 10, '2024-10-10 13:25:18'),
(287, 285, 10, '2024-10-10 13:25:18'),
(288, 286, 10, '2024-10-10 13:25:18'),
(289, 287, 10, '2024-10-10 13:25:18'),
(290, 288, 10, '2024-10-10 13:25:18'),
(291, 289, 10, '2024-10-10 13:25:18'),
(292, 290, 10, '2024-10-10 13:25:18'),
(293, 291, 10, '2024-10-10 13:25:18'),
(294, 292, 10, '2024-10-10 13:25:18'),
(295, 293, 10, '2024-10-10 13:25:18'),
(296, 294, 10, '2024-10-10 13:25:18'),
(297, 295, 10, '2024-10-10 13:25:18'),
(298, 296, 10, '2024-10-10 13:25:18'),
(299, 297, 10, '2024-10-10 13:25:18'),
(300, 298, 10, '2024-10-10 13:25:18'),
(301, 299, 10, '2024-10-10 13:25:18');

-- --------------------------------------------------------

--
-- Estrutura da tabela `tbl_ano_turma`
--

CREATE TABLE `tbl_ano_turma` (
  `idat` int(11) NOT NULL COMMENT 'chave primaria da tabela ano turma',
  `ano` int(2) NOT NULL COMMENT 'ano da turma',
  `turma` varchar(2) NOT NULL COMMENT 'turma',
  `time_stamp` timestamp NOT NULL DEFAULT current_timestamp() ON UPDATE current_timestamp() COMMENT 'data em que foi inserido'
) ENGINE=InnoDB DEFAULT CHARSET=utf8 COLLATE=utf8_general_ci COMMENT='Tabela dos anos e das turmas';

--
-- Extraindo dados da tabela `tbl_ano_turma`
--

INSERT INTO `tbl_ano_turma` (`idat`, `ano`, `turma`, `time_stamp`) VALUES
(1, 7, 'G', '2024-10-08 10:40:30'),
(2, 7, 'H', '2024-10-08 10:40:30'),
(3, 7, 'J', '2024-10-08 10:40:30'),
(4, 8, 'J', '2024-10-08 10:40:30'),
(5, 8, 'K', '2024-10-08 10:40:30'),
(6, 9, 'G', '2024-10-08 10:40:30'),
(7, 9, 'H', '2024-10-08 10:40:30'),
(8, 9, 'I', '2024-10-08 10:40:30'),
(9, 9, 'J', '2024-10-08 10:40:30'),
(10, 9, 'L', '2024-10-08 10:40:30');

-- --------------------------------------------------------

--
-- Estrutura da tabela `tbl_user_aluno`
--

CREATE TABLE `tbl_user_aluno` (
  `id_user_aluno` int(11) NOT NULL COMMENT 'Chave primaria da tabela utilizadores_alunos',
  `nome_aluno` varchar(255) NOT NULL COMMENT 'Nome do Aluno',
  `email_aluno` varchar(255) NOT NULL COMMENT 'Email do Aluno',
  `aluno_pw` varchar(255) NOT NULL COMMENT 'Password do aluno'
) ENGINE=InnoDB DEFAULT CHARSET=utf8 COLLATE=utf8_general_ci COMMENT='Tabela das contas dos alunos';

--
-- Extraindo dados da tabela `tbl_user_aluno`
--

INSERT INTO `tbl_user_aluno` (`id_user_aluno`, `nome_aluno`, `email_aluno`, `aluno_pw`) VALUES
(1, 'Eduarda Maeva Alves Fortes', 'a280848528@aeaquaalba.pt', '80676355'),
(2, 'Tiago Ventura Vila Lobos', 'a280330251@aeaquaalba.pt', '54205154'),
(3, 'Enzo Gabriel Corte Real dos Santos', 'a292692382@aeaquaalba.pt', '14095753'),
(4, 'LARISSA OTAVIANO NOGUEIRA LELA VEIGA', 'a278567690@aeaquaalba.pt', '40280778'),
(5, 'Leonor Duarte de Almeida Monteiro Pardal', 'a277660718@aeaquaalba.pt', '54402711'),
(6, 'Letícia Sofia Costa Sanches Semedo', 'a278331920@aeaquaalba.pt', '37182148'),
(7, 'GUILHERME GOMES MACÁRIO COSTA CLARA', 'a260201332@aeaquaalba.pt', '49295078'),
(8, 'Lucas Daniel Vaz Naia Baiôa', 'a279560877@aeaquaalba.pt', '51514748'),
(9, 'Erica Sofia Barroso Viegas', 'a278215327@aeaquaalba.pt', '84075095'),
(10, 'Beatriz Correia Gomes Silva', 'a279603193@aeaquaalba.pt', '54488714'),
(11, 'Irina Arcanjo Almeida Martins', 'a282669582@aeaquaalba.pt', '96799439'),
(12, 'Khadija Lais Tavares Gaye', 'a279786441@aeaquaalba.pt', '56121154'),
(13, 'Armando Carolino da Silva Barbosa Andrade', 'a273899317@aeaquaalba.pt', '18937406'),
(14, 'Indira Novais de Sousa', 'a286494515@aeaquaalba.pt', '71648255'),
(15, 'Kiesse Facatino Luís', 'a274354136@aeaquaalba.pt', '62387925'),
(16, 'Luciana Cumbue Pelo Tchenhe', 'a302503935@aeaquaalba.pt', '24863562'),
(17, 'FABIO DE JESUS DA VEIGA MOREIRA', 'a300283105@aeaquaalba.pt', '62862406'),
(18, 'Yanick Có', 'a312344210@aeaquaalba.pt', '78182675'),
(19, 'anny louise ferreira de castro', 'a314720103@aeaquaalba.pt', '806362804594'),
(20, 'Milito Jimys Mendes Camepilim', 'a319961524@aeaquaalba.pt', '450763490225'),
(21, 'Provat Bin Abdul', 'a315865105@aeaquaalba.pt', '382893124517'),
(22, 'Akanksha Jaswal', 'a316175900@aeaquaalba.pt', '391416167071'),
(23, 'Amilcar Aladje Mendes', 'a321369025@aeaquaalba.pt', '806577151202'),
(24, 'Michael Patrick Monteiro dos Reis', 'a323922830@aeaquaalba.pt', '332622555910'),
(25, 'Elvis Alexandre Cardoso Timas', 'a280191472@aeaquaalba.pt', '95113586'),
(26, 'LUANA MARIA TAVARES SEMEDO', 'a278709834@aeaquaalba.pt', '21847510'),
(27, 'RICARDO VALDIR SANTOS FORTES', 'a276864042@aeaquaalba.pt', '51074903'),
(28, 'pabel islam', 'a298212366@aeaquaalba.pt', '28114274'),
(29, 'Tomás Manuel Sarmento Bernardo', 'a274635860@aeaquaalba.pt', '35733515'),
(30, 'Carina Simara Varela Ganó', 'a278657443@aeaquaalba.pt', '30603003'),
(31, 'Sandro Alexandre Sekulu David', 'a276430050@aeaquaalba.pt', '55533138'),
(32, 'Rafael Avelino Cortêz', 'a281445079@aeaquaalba.pt', '11509288'),
(33, 'Júlio Filipe Tigeleiro Paúl', 'a277888816@aeaquaalba.pt', '63629632'),
(34, 'Braima Bary', 'a290407486@aeaquaalba.pt', '15643266'),
(35, 'BARBARA MAURICIO MARQUES', 'a280013337@aeaquaalba.pt', '96435198'),
(36, 'Rodrigo Júnior Andrade Mendes', 'a279871740@aeaquaalba.pt', '37874274'),
(37, 'Tiago Chicoma Monteiro', 'a280572441@aeaquaalba.pt', '80289562'),
(38, 'Abid Alom', 'a298209713@aeaquaalba.pt', '81347611'),
(39, 'Mohamadu Só', 'a286701456@aeaquaalba.pt', '25773803'),
(40, 'David Luis Pereira Elias', 'a274823926@aeaquaalba.pt', '24152252'),
(41, 'Júlia Marinho Reis Pires', 'a280765061@aeaquaalba.pt', '92362217'),
(42, 'Kelly Sofia Delgado Fernandes', 'a282622357@aeaquaalba.pt', '63902756'),
(43, 'Rodrigo Miguel Lagartinho de Abreu Almeida', 'a280540981@aeaquaalba.pt', '53141226'),
(44, 'Daniel Padilha Rocha', 'a278320627@aeaquaalba.pt', '82917731'),
(45, 'Kauan Felipe dos Santos', 'a284125652@aeaquaalba.pt', '55453235'),
(46, 'Mamadou Alpha Diallo', 'a290533090@aeaquaalba.pt', '98800037'),
(47, 'Guilherme Simões Antunes', 'a278664865@aeaquaalba.pt', '47450618'),
(48, 'Isac Gabriel Ventura Oliveira', 'a280992599@aeaquaalba.pt', '75790516'),
(49, 'TIAGO MIGUEL SILVA BARRADAS DA CRUZ', 'a278056113@aeaquaalba.pt', '47429120'),
(50, 'Rafael Lopes Plácido', 'a312454082@aeaquaalba.pt', '69594887'),
(51, 'ERIANE MENDES TAVARES FERNANDES', 'a295481811@aeaquaalba.pt', '16701173'),
(52, 'Ruben Jailson Vaz Gomes', 'a277783950@aeaquaalba.pt', '11394446'),
(53, 'Letícia Patrícia Mora da Costa', 'a270562397@aeaquaalba.pt', '99225841'),
(54, 'João Miguel Soares Antão', 'a278497497@aeaquaalba.pt', '16672584'),
(55, 'Ema Ventura Correia', 'a278394655@aeaquaalba.pt', '78264700'),
(56, 'Isabel Rosita Sampaio', 'a283088591@aeaquaalba.pt', '55290694'),
(57, 'Geovani Cabral Fernandes', 'a274445395@aeaquaalba.pt', '16340735'),
(58, 'Armaan Sohpaul', 'a299526577@aeaquaalba.pt', '88329420'),
(59, 'Aniximandra de Fátima Nunes Alvarenga Silva', 'a276612744@aeaquaalba.pt', '61021663'),
(60, 'ARIELLE BENGUELA DE CARVALHO', 'a279919530@aeaquaalba.pt', '42369974'),
(61, 'Érica da Silva Moreira', 'a279577915@aeaquaalba.pt', '57514818'),
(62, 'Djeirom Barbosa Lopes', 'a305516183@aeaquaalba.pt', '73873563'),
(63, 'Miguel Dinis silva', 'a280151128@aeaquaalba.pt', '65331197'),
(64, 'Ussumane Seidi', 'a286144131@aeaquaalba.pt', '56891863'),
(65, 'Maureen Gonçalves Lopes Sousa', 'a309630657@aeaquaalba.pt', '48213718'),
(66, 'Leia António Gomes', 'a306413647@aeaquaalba.pt', '73308874'),
(67, 'Bismarck António Mauricio Arcanjo', 'a314495967@aeaquaalba.pt', '80658650'),
(68, 'Bruno Tavares', 'a288288050@aeaquaalba.pt', '628878837561'),
(69, 'Edvaldo Carvalho', 'a320223698@aeaquaalba.pt', '429498680275'),
(70, 'Eugénio Cá', 'a315473118@aeaquaalba.pt', '851170472378'),
(71, 'André de Andrade Silva', 'a324095635@aeaquaalba.pt', '682875229286'),
(72, 'Viviane Mendes', 'a305228196@aeaquaalba.pt', '952875982697'),
(73, 'Liodelcio do Carmo Filho Wanuque', 'a318366851@aeaquaalba.pt', '154401934148'),
(74, 'Ismael de Jesus Fernandes Dias', 'a320433765@aeaquaalba.pt', '539903054026'),
(75, 'Luciana Evelize de Baros Melicio Teixeira', 'a274170965@aeaquaalba.pt', '66250030'),
(76, 'Carolina Cândido Biscaia Correia da Silva', 'a273309188@aeaquaalba.pt', '92607120'),
(77, 'Diva Aline Sanches Tavares', 'a268277087@aeaquaalba.pt', '94588794'),
(78, 'DANIELA SOFIA MENDES DA CRUZ', 'a275236307@aeaquaalba.pt', '66300850'),
(79, 'Maura Idilia Centeio Tavares', 'a280452209@aeaquaalba.pt', '56320827'),
(80, 'Lenilson Vieira Rocha', 'a275476570@aeaquaalba.pt', '64756893'),
(81, 'Sana Colubali Baldé', 'a294654895@aeaquaalba.pt', '70572951'),
(82, 'Filipe Alberto Feijo de Souza', 'a274462800@aeaquaalba.pt', '36931788'),
(83, 'Sene Colubali Baldé', 'a295657286@aeaquaalba.pt', '77487856'),
(84, 'Gabriel Mariano Souza', 'a304142751@aeaquaalba.pt', '27534087'),
(85, 'FÁTIMA BOBO SEIDI', 'a291510302@aeaquaalba.pt', '52639211'),
(86, 'Lionyr Gomes Pereira', 'a275596052@aeaquaalba.pt', '56000915'),
(87, 'João victor fontes cardoso de oliveira', 'a272675962@aeaquaalba.pt', '27612078'),
(88, 'Leonor Nascimento da Cruz', 'a273580663@aeaquaalba.pt', '14200514'),
(89, 'Diogo Miguel tavares Marques', 'a277279054@aeaquaalba.pt', '59027566'),
(90, 'GABRIELA MARIA MUSSENGUE DA SILVA', 'a290023688@aeaquaalba.pt', '54567362'),
(91, 'Emanuel Peterson Carlos Zunga', 'a301300186@aeaquaalba.pt', '15544181'),
(92, 'SARA SOFIA SEMEDO CABRAL', 'a275278387@aeaquaalba.pt', '37043072'),
(93, 'INÊS FERNANDES VARGAS', 'a275619788@aeaquaalba.pt', '24947793'),
(94, 'Rafael Ferro Faria', 'a295834749@aeaquaalba.pt', '53331495'),
(95, 'Vasilka Yordanova', 'a278303854@aeaquaalba.pt', '36211994'),
(96, 'Carolina Ferreira Whanon Chantre', 'a272375829@aeaquaalba.pt', '75632148'),
(97, 'Edvania do Espirito Santo Carvalho', 'a320224546@aeaquaalba.pt', '380926328081'),
(98, 'Nathan Hazael Vaz Contreiras Ferreira', 'a298548348@aeaquaalba.pt', '791279953390'),
(99, 'Ipshita Abanish', 'a321390369@aeaquaalba.pt', '450248905414'),
(100, 'Prabhleen Kaur', 'a314834770@aeaquaalba.pt', '908525270225'),
(101, 'raissa santos rosário', 'a278057659@aeaquaalba.pt', '281963438112'),
(102, 'Kleidylson Ferreira Silva Moreno', 'a272254711@aeaquaalba.pt', '57171370'),
(103, 'FERNANDO GABRIEL GUIMARAES MACHADO', 'a292578156@aeaquaalba.pt', '89255607'),
(104, 'Jenifer Neide Sequeira Rosario', 'a272254142@aeaquaalba.pt', '29218373'),
(105, 'Christian Tomas Silva Lopes Pinheiro', 'a272362352@aeaquaalba.pt', '40252063'),
(106, 'Djaylen Wilson Moreno Varela', 'a273842560@aeaquaalba.pt', '86458990'),
(107, 'Elainy Alais Delgado Rodrigues', 'a302290761@aeaquaalba.pt', '50107281'),
(108, 'Gabriel Agostinho Viegas', 'a273457446@aeaquaalba.pt', '92994724'),
(109, 'GELSON GONÇALO OLIVEIRA DA SILVA', 'a303959460@aeaquaalba.pt', '46229261'),
(110, 'Daniela Laidine Fernandes Moreno', 'a300042191@aeaquaalba.pt', '24951141'),
(111, 'Tenem Embaló', 'a284013234@aeaquaalba.pt', '75575042'),
(112, 'Marcelo Bernardo Ferreira Carlos', 'a280638370@aeaquaalba.pt', '91978637'),
(113, 'YASMIN SOFIA RODRIGUES DO PRADO', 'a273020544@aeaquaalba.pt', '33060012'),
(114, 'Cadijato Só', 'a301062951@aeaquaalba.pt', '77904462'),
(115, 'ARIANA SOFIA BASTOS SANTOS', 'a275533743@aeaquaalba.pt', '75238309'),
(116, 'Benonea da Silva Barbosa Andrede', 'a297959654@aeaquaalba.pt', '84506539'),
(117, 'Tomás Riquelme Braia Dabó', 'a274266156@aeaquaalba.pt', '91116810'),
(118, 'Débora Pereira Tavares', 'a275815170@aeaquaalba.pt', '20566343'),
(119, 'Constança Santos Alves Lima', 'a275186202@aeaquaalba.pt', '805669454758'),
(120, 'Sumaila Aladje Correia', 'a326533214@aeaquaalba.pt', '568732522836'),
(121, 'Tiago Rodrigo Lopes de Brito', 'a269864296@aeaquaalba.pt', '988870404180'),
(122, 'Valquiria Abiltonia Quizembe Pascoal', 'a323773389@aeaquaalba.pt', '659104427174'),
(123, 'Karolina Soldatova', 'a290117461@aeaquaalba.pt', '84144830'),
(124, 'Kelly Sofia Varela Tavares Almeida', 'a271449365@aeaquaalba.pt', '43573467'),
(125, 'Bianca Alexandra Vargas Paiva', 'a275119246@aeaquaalba.pt', '82421097'),
(126, 'Gabriel Almeida Cordeiro Raposo Marques', 'a273689754@aeaquaalba.pt', '14477518'),
(127, 'Ivanildo Etiéne Correia', 'a270345922@aeaquaalba.pt', '89799321'),
(128, 'Andreia Catarina Nunes da Rocha Antunes', 'a267944012@aeaquaalba.pt', '91329267'),
(129, 'ANA MENDES DOMINGOS', 'a300535961@aeaquaalba.pt', '65898366'),
(130, 'filipe de melo lyekar', 'a274325438@aeaquaalba.pt', '85641474'),
(131, 'ISMAEL SEMEDO MARTINS', 'a278462707@aeaquaalba.pt', '25794234'),
(132, 'Marta Daiane Lomba Monteiro', 'a273308394@aeaquaalba.pt', '36587262'),
(133, 'LEANDRO ALEXANDRE PINA TEIXEIRA TAVARES ', 'a274641330@aeaquaalba.pt', '14463780'),
(134, 'Marcia Patricia De Pina Gomes', 'a293518394@aeaquaalba.pt', '59244638'),
(135, 'Vanessa Bianca Ficut', 'a263877051@aeaquaalba.pt', '42999011'),
(136, 'Djonsaba Koté', 'a285980807@aeaquaalba.pt', '54933802'),
(137, 'Richard Jefferson Nunes Cândido', 'a299549526@aeaquaalba.pt', '87247652'),
(138, 'William dos Reis Silva Jardim', 'a300644558@aeaquaalba.pt', '72177475'),
(139, 'Sara Rafaela Casimiro Luís', 'a272180700@aeaquaalba.pt', '15207207'),
(140, 'Onilson Alves Monteiro', 'a288342399@aeaquaalba.pt', '48111198'),
(141, 'Luana Isabel Vieira caldas', 'a273529714@aeaquaalba.pt', '42625436'),
(142, 'Leonardo Horta Monteiro Furtado', 'a301754748@aeaquaalba.pt', '77932127'),
(143, 'Rodica Florentina Ciorei Chascear', 'a273482602@aeaquaalba.pt', '88934196'),
(144, 'Ivo da Silva Oliveira Assunção', 'a268543216@aeaquaalba.pt', '80959364'),
(145, 'Guilherme Oliveira', 'a301125635@aeaquaalba.pt', '57700335'),
(146, 'Tais Sofia Sambu Baldé', 'a269642129@aeaquaalba.pt', '39312220'),
(147, 'Mariana Almada Tavares', 'a272155217@aeaquaalba.pt', '346505251130'),
(148, 'Mariana Almada Tavares', 'a272155217@aeaquaalba.pt', '412567055999'),
(149, 'Mirian Maquiesse Santos e Santos', 'a293694346@aeaquaalba.pt', '289055786801'),
(150, 'Nilda Raquel Pina Boa Morte', 'a314627707@aeaquaalba.pt', '694655483402'),
(151, 'Albertina Aminata Candé Sambú', 'a320389588@aeaquaalba.pt', '259278941771'),
(152, 'Ruben Gabriel Mendes Borges', 'a285876511@aeaquaalba.pt', '869152651300'),
(153, 'LUCINARA NAIOLE SANTOS DOS SANTOS', 'a304142514@aeaquaalba.pt', '447963359436'),
(154, 'NILTON ISAAC MONTEIRO SOUSA', 'a322017637@aeaquaalba.pt', '964302167747'),
(155, 'Adm Amr Hassib Hassan Khater', 'a313078297@aeaquaalba.pt', '354400328299'),
(156, 'Ruben Harley Gomes Reis', 'a310896649@aeaquaalba.pt', '889131168679'),
(157, 'Matilde Martins Ferreira', 'a270608060@aeaquaalba.pt', '40810481'),
(158, 'Carlos Francisco Cubala Ferreira da Silva', 'a269019812@aeaquaalba.pt', '51640621'),
(159, 'Francyelle Luisa Bandeira Dias', 'a297060635@aeaquaalba.pt', '23322111'),
(160, 'Afonso Manuel Duarte Lima', 'a275471160@aeaquaalba.pt', '52593915'),
(161, 'Ariana Marques Tavares Belo', 'a280548184@aeaquaalba.pt', '98304112'),
(162, 'Diogo Emanuel do Nascimento Nhaga Soares', 'a272713473@aeaquaalba.pt', '67712795'),
(163, 'Catarina Raquel Cruz', 'a272251372@aeaquaalba.pt', '34787109'),
(164, 'Martim Filipe Correia Tavares Cardoso Tavares', 'a275454746@aeaquaalba.pt', '60356789'),
(165, 'Matilde Baptista Domingues Ramos', 'a273610090@aeaquaalba.pt', '14891675'),
(166, 'Bruna Patricia Nascimento Santos', 'a271626054@aeaquaalba.pt', '58452106'),
(167, 'Álvaro António Gouveia de Almeida', 'a270526161@aeaquaalba.pt', '80390245'),
(168, 'Joana da Silva Raimundo', 'a273309943@aeaquaalba.pt', '59589313'),
(169, 'Rodrigo Afonso da Fonseca', 'a265634989@aeaquaalba.pt', '35850415'),
(170, 'MICAELA SEMEDO MARTINS', 'a273047655@aeaquaalba.pt', '81630711'),
(171, 'DANIEL RODRIGUES COIMBRA', 'a270848673@aeaquaalba.pt', '12963645'),
(172, 'Isabel Charraz Mourão', 'a270901299@aeaquaalba.pt', '91383164'),
(173, 'Rodrigo Pereira Rodrigues', 'a273719831@aeaquaalba.pt', '45266717'),
(174, 'Luis Rodrigues Carvalho', 'a274396289@aeaquaalba.pt', '96214519'),
(175, 'Alcione Dussu Embaló', 'a297784749@aeaquaalba.pt', '14638565'),
(176, 'Carolina Duarte Moraes', 'a272612383@aeaquaalba.pt', '46784053'),
(177, 'Edgar de jesus Rocha Mendonça Borges', 'a269586040@aeaquaalba.pt', '73326064'),
(178, 'ISABEL MATIAS VEIGA', 'a296893382@aeaquaalba.pt', '64520870'),
(179, 'Geovanny Anderson Matoso Pereira', 'a268783020@aeaquaalba.pt', '12318331'),
(180, 'EDSON JÚNIOR ROBALO GONÇALVES', 'a263982351@aeaquaalba.pt', '38136365'),
(181, 'Mariana Moura Afonso', 'a274363704@aeaquaalba.pt', '69686720'),
(182, 'Nicole Yasmin Dias dos SAntos', 'a273231502@aeaquaalba.pt', '29944961'),
(183, 'Gabriel Chifa', 'a294927930@aeaquaalba.pt', '22499889'),
(184, 'Diany dos Ramos Tiny Quaresma', 'a314112464@aeaquaalba.pt', '78133871'),
(185, 'Lolita Moreno Vaz Alves de Carvalho', 'a314105808@aeaquaalba.pt', '113056122308'),
(186, 'Delcy Monteiro', 'a320972151@aeaquaalba.pt', '938572660508'),
(187, 'Lutuima Francisco Diogo Gaspar', 'a321474805@aeaquaalba.pt', '428943553873'),
(188, 'Aissatu Injai Dafé', 'a321861892@aeaquaalba.pt', '900557763949'),
(189, 'Fabricio Ramos Varela', 'a323641229@aeaquaalba.pt', '457987186207'),
(190, 'Osvaldo Custódio Azevedo', 'a268155038@aeaquaalba.pt', '96170567'),
(191, 'FILIPE DA CUNHA CATAO', 'a267742177@aeaquaalba.pt', '31142599'),
(192, 'Yara Melissa Pereira Duarte', 'a271702214@aeaquaalba.pt', '77893725'),
(193, 'Elícia Inês Sanches Fernandes', 'a273943901@aeaquaalba.pt', '71191074'),
(194, 'Nadine do Rosário Soares de Pina', 'a264448405@aeaquaalba.pt', '52114919'),
(195, 'Matias Júnior Lopes Correia Semedo', 'a275380840@aeaquaalba.pt', '23325276'),
(196, 'Yona Andreia Corte Real dos Santos', 'a292692536@aeaquaalba.pt', '92880066'),
(197, 'Ryan Souza Tavares Belo', 'a277796695@aeaquaalba.pt', '38076881'),
(198, 'Adelino Junio Manuel Matias', 'a273223542@aeaquaalba.pt', '46278063'),
(199, 'Marta Sofia Boquinhas Domingues', 'a274291371@aeaquaalba.pt', '56212204'),
(200, 'Maiara Sofia da Veiga Lopes Tavares', 'a270476091@aeaquaalba.pt', '30076896'),
(201, 'Camila Selemane dos Santos', 'a275483070@aeaquaalba.pt', '67709916'),
(202, 'Sueli Sofia Carvalho', 'a305143832@aeaquaalba.pt', '96692835'),
(203, 'Bernardo Manuel Pascoal Adão', 'a297993054@aeaquaalba.pt', '18139973'),
(204, 'Nelson Sanches Tavares', 'a274616041@aeaquaalba.pt', '96420700'),
(205, 'Peter Cardoso de Araújo', 'a295886846@aeaquaalba.pt', '35452042'),
(206, 'Adulai Seidi', 'a286144115@aeaquaalba.pt', '62989031'),
(207, 'Messias Joanino Gaspar da Silva', 'a284635936@aeaquaalba.pt', '66185131'),
(208, 'ENZO ALEXANDRE CARDOSO MANUEL', 'a271594020@aeaquaalba.pt', '54784061'),
(209, 'Alerrandro de Sousa Vieira', 'a304912662@aeaquaalba.pt', '50109656'),
(210, 'Jahanzaib Khan', 'a306150140@aeaquaalba.pt', '73780203'),
(211, 'Josimiro domingos Mendonça', 'a279518242@aeaquaalba.pt', '16167475'),
(212, 'Olga da Silva Sá', 'a284068080@aeaquaalba.pt', '39258432'),
(213, 'LEANDRO JORGE AMARAL MARTINS BORGES', 'a269567976@aeaquaalba.pt', '24285841'),
(214, 'Sandy de Jesus Pires Afonso', 'a309991358@aeaquaalba.pt', '62865527'),
(215, 'Simon Esquivel', 'a316822299@aeaquaalba.pt', '302600580769'),
(216, 'DANIELA SOARES RODRIGUES', 'a297559907@aeaquaalba.pt', '467529084097'),
(217, 'Adryan Pereira de Souza', 'a313234329@aeaquaalba.pt', '512400121808'),
(218, 'Laizi Varela de Sousa', 'a319508544@aeaquaalba.pt', '513528611773'),
(219, 'Daisimara Nhalim Mané', 'a319925250@aeaquaalba.pt', '411402612510'),
(220, 'Admar Faustino Dias Pacheco', 'a397209806@aeaquaalba.pt', '741582727771'),
(221, 'Wevellin Dias de Oliveira', 'a320329550@aeaquaalba.pt', '401813326559'),
(222, 'Weverton Dias de Oliveira', 'a320329194@aeaquaalba.pt', '298366425113'),
(223, 'Diego Costa', 'a268173362@aeaquaalba.pt', '505394012058'),
(224, 'Cremilda Oliveira', 'a322999081@aeaquaalba.pt', '410538004315'),
(225, 'JOÃO PEDRO DE OLIVEIRA MATOS', 'a273958496@aeaquaalba.pt', '71920576'),
(226, 'Iaia Fati', 'a294942262@aeaquaalba.pt', '67319619'),
(227, 'RAFAEL DELGADO SANTOS', 'a274590972@aeaquaalba.pt', '68028825'),
(228, 'Patrck Miguel Macedo Carvalho', 'a262266857@aeaquaalba.pt', '22345485'),
(229, 'Davi Rodrigues Mourato', 'a299938441@aeaquaalba.pt', '14204810'),
(230, 'RAFAELA MARIA BASTO SOARES', 'a273528351@aeaquaalba.pt', '67627213'),
(231, 'Marcia Sofia Garcia Semedo', 'a280802471@aeaquaalba.pt', '40859641'),
(232, 'Pedro Mpaka Xavier', 'a299437094@aeaquaalba.pt', '52757128'),
(233, 'Raissa Nhima Darame', 'a270771239@aeaquaalba.pt', '21266223'),
(234, 'Cátia Satu Baldé', 'a293738190@aeaquaalba.pt', '71748296'),
(235, 'Íris Maria Brito Baptista Varela', 'a272411167@aeaquaalba.pt', '43524087'),
(236, 'Fábio Délcio Monteiro Carrasco', 'a273177222@aeaquaalba.pt', '68373865'),
(237, 'Hugo dos Santos Dias', 'a273198033@aeaquaalba.pt', '85720812'),
(238, 'Edgar Socrates Bragança Carvalho', 'a269930426@aeaquaalba.pt', '26453584'),
(239, 'Kevin Alexandre Graça Furtado', 'a273613766@aeaquaalba.pt', '94695213'),
(240, 'TIAGO FORTES DOS SANTOS', 'a269202595@aeaquaalba.pt', '89449060'),
(241, 'Windjaba Augusto Cabi', 'a300072678@aeaquaalba.pt', '71625164'),
(242, 'leithicia vitoria da silva xaveiro', 'a290439167@aeaquaalba.pt', '40036808'),
(243, 'PAULA MATIAS VEIGA', 'a296998192@aeaquaalba.pt', '42084497'),
(244, 'Gonçalo Filipe Raposo Pereira', 'a280910096@aeaquaalba.pt', '34662080'),
(245, 'Daniela Katila Rodrigues Moreira', 'a272656640@aeaquaalba.pt', '61447587'),
(246, 'Messias Fonseca Muto', 'a297062425@aeaquaalba.pt', '20716376'),
(247, 'Rodrigo Filipe dos Reis Gouveia da Silva', 'a274767473@aeaquaalba.pt', '90306261'),
(248, 'Cibele Leite Pontes', 'a300458681@aeaquaalba.pt', '89742016'),
(249, 'Thiago Alves da Silva', 'a290849683@aeaquaalba.pt', '81392613'),
(250, 'ISAAKEL LOPES BRITO', 'a278276938@aeaquaalba.pt', '57279708'),
(251, 'Adygelson Sequeira Bragança', 'a303026952@aeaquaalba.pt', '53738747'),
(252, 'Rui Tiago Quimuanga', 'a274570211@aeaquaalba.pt', '46774308'),
(253, 'Irene Carla António', 'a301857245@aeaquaalba.pt', '49051517'),
(254, 'Ismael Hamayoun', 'a308384970@aeaquaalba.pt', '72376964'),
(255, 'Iara Alexandra Moreira Monteiro', 'a279362188@aeaquaalba.pt', '71268636'),
(256, 'Andresa Mariana Fernandes Oliveira', 'a315255749@aeaquaalba.pt', '62485033'),
(257, 'Manoel Neto', 'a314620141@aeaquaalba.pt', '88833011'),
(258, 'Letícia da Graça Guenji Fernandes', 'a298701910@aeaquaalba.pt', '252733537796'),
(259, 'Paulo Jorge Cardoso Xavier', 'a297034561@aeaquaalba.pt', '804047221001'),
(260, 'Edmilson Correia Lutandila Domingos', 'a323927289@aeaquaalba.pt', '283060991316'),
(261, 'Ladislau António Miguel', 'a321080432@aeaquaalba.pt', '186026718144'),
(262, 'Sara Sofia Cortes Lopez', 'a321737342@aeaquaalba.pt', '414549029697'),
(263, 'Vicente Macedo Fernandes Urbano de Carvalho', 'a272283916@aeaquaalba.pt', '64092763'),
(264, 'Leticia tavares da mata', 'a270229647@aeaquaalba.pt', '22652402'),
(265, 'Afonso Luis Amaro', 'a271090715@aeaquaalba.pt', '58701475'),
(266, 'Neyma Edelise Fernandes Delgado', 'a273924770@aeaquaalba.pt', '83823116'),
(267, 'Ketura Damaris Teca Kumbo', 'a276623444@aeaquaalba.pt', '37019805'),
(268, 'Mauro Filipe Latas Tavares', 'a274866153@aeaquaalba.pt', '36254064'),
(269, 'William Eduardo José Santana', 'a275960749@aeaquaalba.pt', '35971856'),
(270, 'Aladje Mustafa Darame', 'a271818484@aeaquaalba.pt', '20039904'),
(271, 'LUKENIA CELESTE LUÍS CHIPINDO', 'a272530468@aeaquaalba.pt', '21203309'),
(272, 'Tiago Rafael Penavella Marinho', 'a271314346@aeaquaalba.pt', '27235148'),
(273, 'Nixon Firmino Cândido Sanches Carvalho', 'a266968350@aeaquaalba.pt', '36347034'),
(274, 'Duarte Miguel Figueiredo Gonçalves', 'a273141422@aeaquaalba.pt', '53516337'),
(275, 'Djara Ioná Chantre Neves', 'a302290621@aeaquaalba.pt', '94613147'),
(276, 'Tiago António Gomes Lima', 'a270231994@aeaquaalba.pt', '37702991'),
(277, 'Alexandre Manuel Pereira Mestre', 'a275247546@aeaquaalba.pt', '66205750'),
(278, 'Jasmim Selénia Manuel Cruz', 'a299392740@aeaquaalba.pt', '35583440'),
(279, 'Marta Sofia Garrido Fragoso', 'a273311948@aeaquaalba.pt', '19522309'),
(280, 'Madalena Almeida Araujo', 'a273883925@aeaquaalba.pt', '20732260'),
(281, 'Cássia Isabela Fontoura Cavaleiro', 'a272988197@aeaquaalba.pt', '85560789'),
(282, 'Martim Carneiro dos Santos', 'a276154339@aeaquaalba.pt', '25077713'),
(283, 'Danny Oliveira Gomes', 'a282703888@aeaquaalba.pt', '31741233'),
(284, 'Ederson Robalo Gonçalves', 'a275993841@aeaquaalba.pt', '45743180'),
(285, 'Afonso Dinis da Costa Antunes', 'a271912383@aeaquaalba.pt', '87043631'),
(286, 'Nádia Raquel Batista Casquilho', 'a269819738@aeaquaalba.pt', '13772826'),
(287, 'Henrique Filipe Costa Parreira', 'a274862670@aeaquaalba.pt', '90448541'),
(288, 'EUGÉNIA DA COSTA MENDES', 'a280004958@aeaquaalba.pt', '30322095'),
(289, 'ANA MARIA PEDRO DA SILVA', 'a280523610@aeaquaalba.pt', '28370887'),
(290, 'João Pedro Mendes Cupido', 'a277590574@aeaquaalba.pt', '56755243'),
(291, 'Mateus Filipe Oliveira Brito', 'a274876647@aeaquaalba.pt', '18528970'),
(292, 'Arifo Daude Algi', 'a297566288@aeaquaalba.pt', '26104323'),
(293, 'Fábio Marcelo Rocha Delgado', 'a304319988@aeaquaalba.pt', '91541049'),
(294, 'Heluma Henrique Damião Manuel', 'a293926379@aeaquaalba.pt', '73652316'),
(295, 'Matilde Pereira Furtado', 'a275011151@aeaquaalba.pt', '65898025'),
(296, 'Miguel Umarru Djaú Djaló', 'a272809420@aeaquaalba.pt', '71624432'),
(297, 'Richard Moises Medeiros da Silva', 'a307983749@aeaquaalba.pt', '91982146'),
(298, 'Yasmin Kathellyn Menezes de Sousa', 'a311582036@aeaquaalba.pt', '68389147'),
(299, 'Ussai Baldé', 'a311671306@aeaquaalba.pt', '89724810');

-- --------------------------------------------------------

--
-- Estrutura da tabela `tbl_utilizadores`
--

CREATE TABLE `tbl_utilizadores` (
  `id_users` int(11) NOT NULL COMMENT 'chave primaria das contas dos utilizadores que vão fazer login',
  `nome_user` varchar(255) NOT NULL COMMENT 'Nome do utilizador que vai fazer login',
  `email_user` varchar(255) NOT NULL COMMENT 'Email que o utilizador vai usar para fazer login',
  `pw_user` varchar(255) NOT NULL COMMENT 'Password da conta do utilizador',
  `user_type` enum('administrador','editor','utilizador') NOT NULL COMMENT 'Tipo que o utilizador é para as suas permições',
  `time_stamp` timestamp NOT NULL DEFAULT current_timestamp() ON UPDATE current_timestamp() COMMENT 'Dia e hora que o utilizador foi adicionado'
) ENGINE=InnoDB DEFAULT CHARSET=utf8 COLLATE=utf8_general_ci COMMENT='Tabela dos utilizadores que podem logar e suas informações';

--
-- Extraindo dados da tabela `tbl_utilizadores`
--

INSERT INTO `tbl_utilizadores` (`id_users`, `nome_user`, `email_user`, `pw_user`, `user_type`, `time_stamp`) VALUES
(1, 'Florin', 'florin@admin.com', 'Florin123', 'administrador', '2024-10-24 22:38:48'),
(2, 'Rodrigo', 'rodrigo@editor.com', 'Rodrigo123', 'editor', '2024-10-24 22:38:48'),
(3, 'Otacilio', 'otacilio@user.com', 'Otacilio123', 'utilizador', '2024-10-24 22:38:48');

--
-- Índices para tabelas despejadas
--

--
-- Índices para tabela `tbl_alunos`
--
ALTER TABLE `tbl_alunos`
  ADD PRIMARY KEY (`id_aluno`);

--
-- Índices para tabela `tbl_aluno_ano`
--
ALTER TABLE `tbl_aluno_ano`
  ADD PRIMARY KEY (`id_aluno_ano`),
  ADD KEY `fk_ano_turma` (`idat`) USING BTREE,
  ADD KEY `fk_aluno` (`id_aluno`) USING BTREE;

--
-- Índices para tabela `tbl_ano_turma`
--
ALTER TABLE `tbl_ano_turma`
  ADD PRIMARY KEY (`idat`);

--
-- Índices para tabela `tbl_user_aluno`
--
ALTER TABLE `tbl_user_aluno`
  ADD PRIMARY KEY (`id_user_aluno`);

--
-- Índices para tabela `tbl_utilizadores`
--
ALTER TABLE `tbl_utilizadores`
  ADD PRIMARY KEY (`id_users`);

--
-- AUTO_INCREMENT de tabelas despejadas
--

--
-- AUTO_INCREMENT de tabela `tbl_alunos`
--
ALTER TABLE `tbl_alunos`
  MODIFY `id_aluno` int(11) NOT NULL AUTO_INCREMENT COMMENT 'Chave primária da tabela alunos', AUTO_INCREMENT=300;

--
-- AUTO_INCREMENT de tabela `tbl_aluno_ano`
--
ALTER TABLE `tbl_aluno_ano`
  MODIFY `id_aluno_ano` int(11) NOT NULL AUTO_INCREMENT, AUTO_INCREMENT=302;

--
-- AUTO_INCREMENT de tabela `tbl_ano_turma`
--
ALTER TABLE `tbl_ano_turma`
  MODIFY `idat` int(11) NOT NULL AUTO_INCREMENT COMMENT 'chave primaria da tabela ano turma', AUTO_INCREMENT=11;

--
-- AUTO_INCREMENT de tabela `tbl_user_aluno`
--
ALTER TABLE `tbl_user_aluno`
  MODIFY `id_user_aluno` int(11) NOT NULL AUTO_INCREMENT COMMENT 'Chave primaria da tabela utilizadores_alunos', AUTO_INCREMENT=512;

--
-- AUTO_INCREMENT de tabela `tbl_utilizadores`
--
ALTER TABLE `tbl_utilizadores`
  MODIFY `id_users` int(11) NOT NULL AUTO_INCREMENT COMMENT 'chave primaria das contas dos utilizadores que vão fazer login', AUTO_INCREMENT=4;

--
-- Restrições para despejos de tabelas
--

--
-- Limitadores para a tabela `tbl_aluno_ano`
--
ALTER TABLE `tbl_aluno_ano`
  ADD CONSTRAINT `fk_aluno` FOREIGN KEY (`id_aluno`) REFERENCES `tbl_alunos` (`id_aluno`),
  ADD CONSTRAINT `fk_ano_turma` FOREIGN KEY (`idat`) REFERENCES `tbl_ano_turma` (`idat`);
COMMIT;

/*!40101 SET CHARACTER_SET_CLIENT=@OLD_CHARACTER_SET_CLIENT */;
/*!40101 SET CHARACTER_SET_RESULTS=@OLD_CHARACTER_SET_RESULTS */;
/*!40101 SET COLLATION_CONNECTION=@OLD_COLLATION_CONNECTION */;
